number,contract_name,name,address,position,banking,bonus,bike_stands,available_bike_stands,available_bikes,status,last_update,temperature,relative_humidity,dew_point,apparent_temperature,precipitation_probability,rain,surface_pressure
4,maribor,STROSSMAYERJEVA UL. - TRŽNICA,Strossmayerjeva ulica 3,"{'lat': 46.558498, 'lng': 15.64146}",False,False,20,16,4,OPEN,1711224695000,6.1,78,2.6,3.0,100,3.3,979.0
4,maribor,STROSSMAYERJEVA UL. - TRŽNICA,Strossmayerjeva ulica 3,"{'lat': 46.558498, 'lng': 15.64146}",False,False,20,16,4,OPEN,1711228327000,5.9,78,2.4,3.7,100,0.0,978.2
4,maribor,STROSSMAYERJEVA UL. - TRŽNICA,Strossmayerjeva ulica 3,"{'lat': 46.558498, 'lng': 15.64146}",False,False,20,16,4,OPEN,1711231960000,5.7,80,2.5,2.7,100,0.0,979.0
4,maribor,STROSSMAYERJEVA UL. - TRŽNICA,Strossmayerjeva ulica 3,"{'lat': 46.558498, 'lng': 15.64146}",False,False,20,15,5,OPEN,1711242859000,4.6,87,2.6,2.3,93,0.0,978.0
4,maribor,STROSSMAYERJEVA UL. - TRŽNICA,Strossmayerjeva ulica 3,"{'lat': 46.558498, 'lng': 15.64146}",False,False,20,15,5,OPEN,1711247097000,3.8,89,2.1,1.6,90,0.0,977.7
4,maribor,STROSSMAYERJEVA UL. - TRŽNICA,Strossmayerjeva ulica 3,"{'lat': 46.558498, 'lng': 15.64146}",False,False,20,15,5,OPEN,1711249856000,3.8,92,2.7,2.1,77,0.0,977.8
4,maribor,STROSSMAYERJEVA UL. - TRŽNICA,Strossmayerjeva ulica 3,"{'lat': 46.558498, 'lng': 15.64146}",False,False,20,15,5,OPEN,1711254092000,4.9,75,0.9,2.5,65,0.0,976.6
4,maribor,STROSSMAYERJEVA UL. - TRŽNICA,Strossmayerjeva ulica 3,"{'lat': 46.558498, 'lng': 15.64146}",False,False,20,15,5,OPEN,1711257117000,4.8,77,1.1,2.3,52,0.0,977.8
4,maribor,STROSSMAYERJEVA UL. - TRŽNICA,Strossmayerjeva ulica 3,"{'lat': 46.558498, 'lng': 15.64146}",False,False,20,15,5,OPEN,1711260747000,5.8,74,1.6,3.0,26,0.0,977.6
4,maribor,STROSSMAYERJEVA UL. - TRŽNICA,Strossmayerjeva ulica 3,"{'lat': 46.558498, 'lng': 15.64146}",False,False,20,16,4,OPEN,1711264379000,8.1,62,1.3,5.1,13,0.0,977.4
4,maribor,STROSSMAYERJEVA UL. - TRŽNICA,Strossmayerjeva ulica 3,"{'lat': 46.558498, 'lng': 15.64146}",False,False,20,15,5,OPEN,1711268010000,9.6,59,2.0,6.6,0,0.0,977.4
4,maribor,STROSSMAYERJEVA UL. - TRŽNICA,Strossmayerjeva ulica 3,"{'lat': 46.558498, 'lng': 15.64146}",False,False,20,15,5,OPEN,1711271640000,10.9,52,1.4,8.1,0,0.0,976.5
4,maribor,STROSSMAYERJEVA UL. - TRŽNICA,Strossmayerjeva ulica 3,"{'lat': 46.558498, 'lng': 15.64146}",False,False,20,15,5,OPEN,1711275273000,11.6,44,-0.2,8.4,0,0.0,975.7
4,maribor,STROSSMAYERJEVA UL. - TRŽNICA,Strossmayerjeva ulica 3,"{'lat': 46.558498, 'lng': 15.64146}",False,False,20,14,6,OPEN,1711278303000,12.4,36,-2.3,9.6,0,0.0,975.0
4,maribor,STROSSMAYERJEVA UL. - TRŽNICA,Strossmayerjeva ulica 3,"{'lat': 46.558498, 'lng': 15.64146}",False,False,20,17,3,OPEN,1711283150000,13.2,36,-1.6,9.3,15,0.0,973.6
4,maribor,STROSSMAYERJEVA UL. - TRŽNICA,Strossmayerjeva ulica 3,"{'lat': 46.558498, 'lng': 15.64146}",False,False,20,15,5,OPEN,1711286178000,13.2,36,-1.6,9.3,15,0.0,973.6
4,maribor,STROSSMAYERJEVA UL. - TRŽNICA,Strossmayerjeva ulica 3,"{'lat': 46.558498, 'lng': 15.64146}",False,False,20,9,11,OPEN,1711289573000,11.9,42,-0.6,7.5,3,0.0,973.7
4,maribor,STROSSMAYERJEVA UL. - TRŽNICA,Strossmayerjeva ulica 3,"{'lat': 46.558498, 'lng': 15.64146}",False,False,20,4,16,OPEN,1711293289000,8.6,73,4.1,5.4,11,0.0,974.3
4,maribor,STROSSMAYERJEVA UL. - TRŽNICA,Strossmayerjeva ulica 3,"{'lat': 46.558498, 'lng': 15.64146}",False,False,20,7,13,OPEN,1711297097000,7.9,77,4.1,6.3,18,0.0,974.6
4,maribor,STROSSMAYERJEVA UL. - TRŽNICA,Strossmayerjeva ulica 3,"{'lat': 46.558498, 'lng': 15.64146}",False,False,20,1,19,OPEN,1711300243000,5.3,77,1.6,3.1,26,0.0,975.5
4,maribor,STROSSMAYERJEVA UL. - TRŽNICA,Strossmayerjeva ulica 3,"{'lat': 46.558498, 'lng': 15.64146}",False,False,20,7,13,OPEN,1711304372000,4.6,84,2.1,2.8,25,0.0,975.7
4,maribor,STROSSMAYERJEVA UL. - TRŽNICA,Strossmayerjeva ulica 3,"{'lat': 46.558498, 'lng': 15.64146}",False,False,20,5,15,OPEN,1711307516000,3.3,87,1.4,1.2,24,0.0,976.0
4,maribor,STROSSMAYERJEVA UL. - TRŽNICA,Strossmayerjeva ulica 3,"{'lat': 46.558498, 'lng': 15.64146}",False,False,20,4,16,OPEN,1711311091000,3.5,86,1.4,1.5,6,0.0,975.9
4,maribor,STROSSMAYERJEVA UL. - TRŽNICA,Strossmayerjeva ulica 3,"{'lat': 46.558498, 'lng': 15.64146}",False,False,20,0,20,OPEN,1711314679000,3.2,87,1.2,1.0,6,0.0,975.5
4,maribor,STROSSMAYERJEVA UL. - TRŽNICA,Strossmayerjeva ulica 3,"{'lat': 46.558498, 'lng': 15.64146}",False,False,20,0,20,OPEN,1711318301000,2.7,88,0.9,0.4,6,0.0,975.6
4,maribor,STROSSMAYERJEVA UL. - TRŽNICA,Strossmayerjeva ulica 3,"{'lat': 46.558498, 'lng': 15.64146}",False,False,20,1,19,OPEN,1711321933000,3.8,87,1.8,0.1,100,0.0,978.9
4,maribor,STROSSMAYERJEVA UL. - TRŽNICA,Strossmayerjeva ulica 3,"{'lat': 46.558498, 'lng': 15.64146}",False,False,20,1,19,OPEN,1711329194000,2.1,82,-0.7,-0.5,25,0.0,975.7
4,maribor,STROSSMAYERJEVA UL. - TRŽNICA,Strossmayerjeva ulica 3,"{'lat': 46.558498, 'lng': 15.64146}",False,False,20,1,19,OPEN,1711333429000,3.3,71,-1.4,0.0,3,0.0,976.0
4,maribor,STROSSMAYERJEVA UL. - TRŽNICA,Strossmayerjeva ulica 3,"{'lat': 46.558498, 'lng': 15.64146}",False,False,20,1,19,OPEN,1711336257000,3.3,67,-2.2,-0.1,2,0.0,976.0
4,maribor,STROSSMAYERJEVA UL. - TRŽNICA,Strossmayerjeva ulica 3,"{'lat': 46.558498, 'lng': 15.64146}",False,False,20,1,19,OPEN,1711339888000,3.2,67,-2.4,-0.3,1,0.0,976.8
4,maribor,STROSSMAYERJEVA UL. - TRŽNICA,Strossmayerjeva ulica 3,"{'lat': 46.558498, 'lng': 15.64146}",False,False,20,1,19,OPEN,1711343589000,4.2,65,-1.8,0.6,0,0.0,977.1
4,maribor,STROSSMAYERJEVA UL. - TRŽNICA,Strossmayerjeva ulica 3,"{'lat': 46.558498, 'lng': 15.64146}",False,False,20,1,19,OPEN,1711347766000,6.7,56,-1.5,2.6,0,0.0,977.2
4,maribor,STROSSMAYERJEVA UL. - TRŽNICA,Strossmayerjeva ulica 3,"{'lat': 46.558498, 'lng': 15.64146}",False,False,20,0,20,OPEN,1711350794000,8.8,51,-0.8,4.4,0,0.0,977.4
4,maribor,STROSSMAYERJEVA UL. - TRŽNICA,Strossmayerjeva ulica 3,"{'lat': 46.558498, 'lng': 15.64146}",False,False,20,13,7,OPEN,1711354472000,10.8,42,-1.7,6.1,0,0.0,977.0
4,maribor,STROSSMAYERJEVA UL. - TRŽNICA,Strossmayerjeva ulica 3,"{'lat': 46.558498, 'lng': 15.64146}",False,False,20,19,1,OPEN,1711358095000,11.9,34,-3.5,7.7,0,0.0,977.0
4,maribor,STROSSMAYERJEVA UL. - TRŽNICA,Strossmayerjeva ulica 3,"{'lat': 46.558498, 'lng': 15.64146}",False,False,20,8,12,OPEN,1711361841000,12.4,32,-3.8,9.1,0,0.0,976.7
4,maribor,STROSSMAYERJEVA UL. - TRŽNICA,Strossmayerjeva ulica 3,"{'lat': 46.558498, 'lng': 15.64146}",False,False,20,7,13,OPEN,1711365104000,13.1,29,-4.5,9.7,0,0.0,976.5
4,maribor,STROSSMAYERJEVA UL. - TRŽNICA,Strossmayerjeva ulica 3,"{'lat': 46.558498, 'lng': 15.64146}",False,False,20,0,20,OPEN,1711369659000,13.9,25,-5.8,10.6,0,0.0,974.8
4,maribor,STROSSMAYERJEVA UL. - TRŽNICA,Strossmayerjeva ulica 3,"{'lat': 46.558498, 'lng': 15.64146}",False,False,20,4,16,OPEN,1711372700000,13.9,25,-5.8,10.6,0,0.0,974.8
4,maribor,STROSSMAYERJEVA UL. - TRŽNICA,Strossmayerjeva ulica 3,"{'lat': 46.558498, 'lng': 15.64146}",False,False,20,12,8,OPEN,1711376122000,13.8,30,-3.5,10.4,0,0.0,974.5
4,maribor,STROSSMAYERJEVA UL. - TRŽNICA,Strossmayerjeva ulica 3,"{'lat': 46.558498, 'lng': 15.64146}",False,False,20,16,4,OPEN,1711379901000,13.4,32,-3.0,10.0,0,0.0,974.3
4,maribor,STROSSMAYERJEVA UL. - TRŽNICA,Strossmayerjeva ulica 3,"{'lat': 46.558498, 'lng': 15.64146}",False,False,20,15,5,OPEN,1711383682000,11.9,43,-0.3,8.8,0,0.0,974.4
4,maribor,STROSSMAYERJEVA UL. - TRŽNICA,Strossmayerjeva ulica 3,"{'lat': 46.558498, 'lng': 15.64146}",False,False,20,15,5,OPEN,1711386950000,9.6,51,-0.0,7.0,0,0.0,974.4
4,maribor,STROSSMAYERJEVA UL. - TRŽNICA,Strossmayerjeva ulica 3,"{'lat': 46.558498, 'lng': 15.64146}",False,False,20,19,1,OPEN,1711390701000,7.6,60,0.3,5.2,0,0.0,974.7
4,maribor,STROSSMAYERJEVA UL. - TRŽNICA,Strossmayerjeva ulica 3,"{'lat': 46.558498, 'lng': 15.64146}",False,False,20,19,1,OPEN,1711394007000,6.7,65,0.5,4.1,0,0.0,974.9
4,maribor,STROSSMAYERJEVA UL. - TRŽNICA,Strossmayerjeva ulica 3,"{'lat': 46.558498, 'lng': 15.64146}",False,False,20,13,7,OPEN,1711397654000,7.1,51,-2.4,4.1,0,0.0,974.7
4,maribor,STROSSMAYERJEVA UL. - TRŽNICA,Strossmayerjeva ulica 3,"{'lat': 46.558498, 'lng': 15.64146}",False,False,20,9,11,OPEN,1711401290000,6.3,58,-1.4,3.7,0,0.0,974.7
4,maribor,STROSSMAYERJEVA UL. - TRŽNICA,Strossmayerjeva ulica 3,"{'lat': 46.558498, 'lng': 15.64146}",False,False,20,10,10,OPEN,1711404925000,5.1,65,-1.0,2.2,0,0.0,974.7
4,maribor,STROSSMAYERJEVA UL. - TRŽNICA,Strossmayerjeva ulica 3,"{'lat': 46.558498, 'lng': 15.64146}",False,False,20,9,11,OPEN,1711408563000,2.2,90,0.8,-0.2,68,0.0,975.6
4,maribor,STROSSMAYERJEVA UL. - TRŽNICA,Strossmayerjeva ulica 3,"{'lat': 46.558498, 'lng': 15.64146}",False,False,20,9,11,OPEN,1711415220000,4.5,56,-3.5,1.6,0,0.0,974.1
4,maribor,STROSSMAYERJEVA UL. - TRŽNICA,Strossmayerjeva ulica 3,"{'lat': 46.558498, 'lng': 15.64146}",False,False,20,9,11,OPEN,1711419456000,2.8,67,-2.7,0.0,0,0.0,973.3
4,maribor,STROSSMAYERJEVA UL. - TRŽNICA,Strossmayerjeva ulica 3,"{'lat': 46.558498, 'lng': 15.64146}",False,False,20,9,11,OPEN,1711422658000,3.0,68,-2.3,0.1,0,0.0,972.9
4,maribor,STROSSMAYERJEVA UL. - TRŽNICA,Strossmayerjeva ulica 3,"{'lat': 46.558498, 'lng': 15.64146}",False,False,20,9,11,OPEN,1711426289000,3.2,66,-2.6,0.1,0,0.0,972.5
4,maribor,STROSSMAYERJEVA UL. - TRŽNICA,Strossmayerjeva ulica 3,"{'lat': 46.558498, 'lng': 15.64146}",False,False,20,10,10,OPEN,1711429923000,3.9,64,-2.3,0.6,0,0.0,972.7
4,maribor,STROSSMAYERJEVA UL. - TRŽNICA,Strossmayerjeva ulica 3,"{'lat': 46.558498, 'lng': 15.64146}",False,False,20,8,12,OPEN,1711433967000,6.7,54,-2.0,2.9,0,0.0,972.7
4,maribor,STROSSMAYERJEVA UL. - TRŽNICA,Strossmayerjeva ulica 3,"{'lat': 46.558498, 'lng': 15.64146}",False,False,20,2,18,OPEN,1711437254000,10.2,42,-2.1,5.9,0,0.0,972.6
4,maribor,STROSSMAYERJEVA UL. - TRŽNICA,Strossmayerjeva ulica 3,"{'lat': 46.558498, 'lng': 15.64146}",False,False,20,10,10,OPEN,1711441171000,13.9,31,-3.0,9.5,0,0.0,971.9
4,maribor,STROSSMAYERJEVA UL. - TRŽNICA,Strossmayerjeva ulica 3,"{'lat': 46.558498, 'lng': 15.64146}",False,False,20,9,11,OPEN,1711444497000,14.6,33,-1.5,10.4,0,0.0,971.6
4,maribor,STROSSMAYERJEVA UL. - TRŽNICA,Strossmayerjeva ulica 3,"{'lat': 46.558498, 'lng': 15.64146}",False,False,20,6,14,OPEN,1711448341000,14.8,35,-0.6,10.8,0,0.0,971.0
4,maribor,STROSSMAYERJEVA UL. - TRŽNICA,Strossmayerjeva ulica 3,"{'lat': 46.558498, 'lng': 15.64146}",False,False,20,7,13,OPEN,1711451490000,15.2,35,-0.2,11.4,0,0.0,970.3
4,maribor,STROSSMAYERJEVA UL. - TRŽNICA,Strossmayerjeva ulica 3,"{'lat': 46.558498, 'lng': 15.64146}",False,False,20,16,4,OPEN,1711456181000,15.4,31,-1.7,10.5,2,0.0,969.2
4,maribor,STROSSMAYERJEVA UL. - TRŽNICA,Strossmayerjeva ulica 3,"{'lat': 46.558498, 'lng': 15.64146}",False,False,20,19,1,OPEN,1711459080000,15.4,31,-1.7,10.5,2,0.0,969.2
4,maribor,STROSSMAYERJEVA UL. - TRŽNICA,Strossmayerjeva ulica 3,"{'lat': 46.558498, 'lng': 15.64146}",False,False,20,13,7,OPEN,1711462442000,14.6,35,-0.7,10.0,3,0.0,969.2
4,maribor,STROSSMAYERJEVA UL. - TRŽNICA,Strossmayerjeva ulica 3,"{'lat': 46.558498, 'lng': 15.64146}",False,False,20,19,1,OPEN,1711466185000,13.4,41,0.5,9.1,3,0.0,969.3
4,maribor,STROSSMAYERJEVA UL. - TRŽNICA,Strossmayerjeva ulica 3,"{'lat': 46.558498, 'lng': 15.64146}",False,False,20,20,0,OPEN,1711470061000,12.5,40,-0.7,8.6,3,0.0,969.3
4,maribor,STROSSMAYERJEVA UL. - TRŽNICA,Strossmayerjeva ulica 3,"{'lat': 46.558498, 'lng': 15.64146}",False,False,20,9,11,OPEN,1711473218000,11.4,44,-0.5,7.7,3,0.0,969.2
4,maribor,STROSSMAYERJEVA UL. - TRŽNICA,Strossmayerjeva ulica 3,"{'lat': 46.558498, 'lng': 15.64146}",False,False,20,20,0,OPEN,1711476774000,10.9,46,-0.3,8.2,2,0.0,968.9
4,maribor,STROSSMAYERJEVA UL. - TRŽNICA,Strossmayerjeva ulica 3,"{'lat': 46.558498, 'lng': 15.64146}",False,False,20,17,3,OPEN,1711480388000,10.6,53,1.4,8.5,1,0.0,968.6
4,maribor,STROSSMAYERJEVA UL. - TRŽNICA,Strossmayerjeva ulica 3,"{'lat': 46.558498, 'lng': 15.64146}",False,False,20,11,9,OPEN,1711484110000,10.2,58,2.3,8.4,0,0.0,968.1
4,maribor,STROSSMAYERJEVA UL. - TRŽNICA,Strossmayerjeva ulica 3,"{'lat': 46.558498, 'lng': 15.64146}",False,False,20,10,10,OPEN,1711487669000,9.9,60,2.5,7.9,0,0.0,967.9
4,maribor,STROSSMAYERJEVA UL. - TRŽNICA,Strossmayerjeva ulica 3,"{'lat': 46.558498, 'lng': 15.64146}",False,False,20,5,15,OPEN,1711491302000,9.2,65,3.0,7.0,0,0.0,967.8
4,maribor,STROSSMAYERJEVA UL. - TRŽNICA,Strossmayerjeva ulica 3,"{'lat': 46.558498, 'lng': 15.64146}",False,False,20,9,11,OPEN,1711494942000,4.6,65,-1.4,1.8,0,0.0,975.1
4,maribor,STROSSMAYERJEVA UL. - TRŽNICA,Strossmayerjeva ulica 3,"{'lat': 46.558498, 'lng': 15.64146}",False,False,20,1,19,OPEN,1711501930000,9.1,61,1.9,6.8,0,0.0,966.7
4,maribor,STROSSMAYERJEVA UL. - TRŽNICA,Strossmayerjeva ulica 3,"{'lat': 46.558498, 'lng': 15.64146}",False,False,20,2,18,OPEN,1711505839000,9.6,59,2.0,7.4,0,0.0,966.4
4,maribor,STROSSMAYERJEVA UL. - TRŽNICA,Strossmayerjeva ulica 3,"{'lat': 46.558498, 'lng': 15.64146}",False,False,20,1,19,OPEN,1711509056000,9.1,60,1.7,6.4,0,0.0,965.9
4,maribor,STROSSMAYERJEVA UL. - TRŽNICA,Strossmayerjeva ulica 3,"{'lat': 46.558498, 'lng': 15.64146}",False,False,20,0,20,OPEN,1711512686000,8.8,62,1.9,6.1,0,0.0,965.8
4,maribor,STROSSMAYERJEVA UL. - TRŽNICA,Strossmayerjeva ulica 3,"{'lat': 46.558498, 'lng': 15.64146}",False,False,20,0,20,OPEN,1711516317000,8.8,61,1.7,6.4,0,0.0,965.6
4,maribor,STROSSMAYERJEVA UL. - TRŽNICA,Strossmayerjeva ulica 3,"{'lat': 46.558498, 'lng': 15.64146}",False,False,20,1,19,OPEN,1711520058000,9.9,58,2.1,7.6,0,0.0,965.3
4,maribor,STROSSMAYERJEVA UL. - TRŽNICA,Strossmayerjeva ulica 3,"{'lat': 46.558498, 'lng': 15.64146}",False,False,20,11,9,OPEN,1711523648000,12.9,57,4.6,10.9,0,0.0,965.2
4,maribor,STROSSMAYERJEVA UL. - TRŽNICA,Strossmayerjeva ulica 3,"{'lat': 46.558498, 'lng': 15.64146}",False,False,20,2,18,OPEN,1711527644000,12.9,56,4.4,10.1,0,0.0,965.3
4,maribor,STROSSMAYERJEVA UL. - TRŽNICA,Strossmayerjeva ulica 3,"{'lat': 46.558498, 'lng': 15.64146}",False,False,20,2,18,OPEN,1711530921000,14.7,54,5.5,11.6,0,0.0,964.7
4,maribor,STROSSMAYERJEVA UL. - TRŽNICA,Strossmayerjeva ulica 3,"{'lat': 46.558498, 'lng': 15.64146}",False,False,20,1,19,OPEN,1711534523000,16.5,54,7.1,13.5,0,0.0,964.1
4,maribor,STROSSMAYERJEVA UL. - TRŽNICA,Strossmayerjeva ulica 3,"{'lat': 46.558498, 'lng': 15.64146}",False,False,20,6,14,OPEN,1711537980000,17.4,51,7.2,14.1,0,0.0,963.2
4,maribor,STROSSMAYERJEVA UL. - TRŽNICA,Strossmayerjeva ulica 3,"{'lat': 46.558498, 'lng': 15.64146}",False,False,20,5,15,OPEN,1711542423000,18.7,49,7.8,16.0,47,0.0,961.5
4,maribor,STROSSMAYERJEVA UL. - TRŽNICA,Strossmayerjeva ulica 3,"{'lat': 46.558498, 'lng': 15.64146}",False,False,20,3,17,OPEN,1711545456000,18.7,49,7.8,16.0,47,0.0,961.5
4,maribor,STROSSMAYERJEVA UL. - TRŽNICA,Strossmayerjeva ulica 3,"{'lat': 46.558498, 'lng': 15.64146}",False,False,20,8,12,OPEN,1711548973000,16.8,62,9.5,14.6,71,0.1,961.5
4,maribor,STROSSMAYERJEVA UL. - TRŽNICA,Strossmayerjeva ulica 3,"{'lat': 46.558498, 'lng': 15.64146}",False,False,20,4,16,OPEN,1711552579000,16.6,64,9.8,15.0,81,0.0,961.1
4,maribor,STROSSMAYERJEVA UL. - TRŽNICA,Strossmayerjeva ulica 3,"{'lat': 46.558498, 'lng': 15.64146}",False,False,20,7,13,OPEN,1711556455000,15.1,76,10.9,14.7,90,0.4,960.4
4,maribor,STROSSMAYERJEVA UL. - TRŽNICA,Strossmayerjeva ulica 3,"{'lat': 46.558498, 'lng': 15.64146}",False,False,20,6,14,OPEN,1711559467000,14.2,85,11.8,13.9,100,3.4,960.1
4,maribor,STROSSMAYERJEVA UL. - TRŽNICA,Strossmayerjeva ulica 3,"{'lat': 46.558498, 'lng': 15.64146}",False,False,20,3,17,OPEN,1711563294000,13.4,92,12.2,13.2,99,0.8,960.0
4,maribor,STROSSMAYERJEVA UL. - TRŽNICA,Strossmayerjeva ulica 3,"{'lat': 46.558498, 'lng': 15.64146}",False,False,20,3,17,OPEN,1711566754000,13.0,96,12.4,13.0,98,2.5,959.3
4,maribor,STROSSMAYERJEVA UL. - TRŽNICA,Strossmayerjeva ulica 3,"{'lat': 46.558498, 'lng': 15.64146}",False,False,20,8,12,OPEN,1711570391000,12.9,76,8.7,11.0,97,0.0,959.6
4,maribor,STROSSMAYERJEVA UL. - TRŽNICA,Strossmayerjeva ulica 3,"{'lat': 46.558498, 'lng': 15.64146}",False,False,20,7,13,OPEN,1711574021000,11.9,71,6.8,9.7,100,0.0,959.9
4,maribor,STROSSMAYERJEVA UL. - TRŽNICA,Strossmayerjeva ulica 3,"{'lat': 46.558498, 'lng': 15.64146}",False,False,20,10,10,OPEN,1711577660000,11.2,70,6.0,9.1,100,0.0,960.9
4,maribor,STROSSMAYERJEVA UL. - TRŽNICA,Strossmayerjeva ulica 3,"{'lat': 46.558498, 'lng': 15.64146}",False,False,20,10,10,OPEN,1711581289000,9.9,57,1.7,7.6,0,0.0,967.4
4,maribor,STROSSMAYERJEVA UL. - TRŽNICA,Strossmayerjeva ulica 3,"{'lat': 46.558498, 'lng': 15.64146}",False,False,20,8,12,OPEN,1711587945000,11.0,48,0.4,6.1,4,0.0,961.7
4,maribor,STROSSMAYERJEVA UL. - TRŽNICA,Strossmayerjeva ulica 3,"{'lat': 46.558498, 'lng': 15.64146}",False,False,20,8,12,OPEN,1711592783000,10.5,49,0.2,7.0,0,0.0,962.3
4,maribor,STROSSMAYERJEVA UL. - TRŽNICA,Strossmayerjeva ulica 3,"{'lat': 46.558498, 'lng': 15.64146}",False,False,20,8,12,OPEN,1711595455000,10.1,54,1.2,5.1,0,0.0,962.7
4,maribor,STROSSMAYERJEVA UL. - TRŽNICA,Strossmayerjeva ulica 3,"{'lat': 46.558498, 'lng': 15.64146}",False,False,20,8,12,OPEN,1711599085000,10.1,54,1.3,6.3,0,0.0,963.4
4,maribor,STROSSMAYERJEVA UL. - TRŽNICA,Strossmayerjeva ulica 3,"{'lat': 46.558498, 'lng': 15.64146}",False,False,20,6,14,OPEN,1711602720000,10.4,56,1.9,5.6,0,0.0,964.3
4,maribor,STROSSMAYERJEVA UL. - TRŽNICA,Strossmayerjeva ulica 3,"{'lat': 46.558498, 'lng': 15.64146}",False,False,20,2,18,OPEN,1711606359000,11.8,50,1.7,8.0,1,0.0,965.2
4,maribor,STROSSMAYERJEVA UL. - TRŽNICA,Strossmayerjeva ulica 3,"{'lat': 46.558498, 'lng': 15.64146}",False,False,20,6,14,OPEN,1711610125000,13.4,46,2.0,9.4,0,0.0,965.9
4,maribor,STROSSMAYERJEVA UL. - TRŽNICA,Strossmayerjeva ulica 3,"{'lat': 46.558498, 'lng': 15.64146}",False,False,20,1,19,OPEN,1711613631000,14.6,43,2.1,10.7,0,0.0,966.7
4,maribor,STROSSMAYERJEVA UL. - TRŽNICA,Strossmayerjeva ulica 3,"{'lat': 46.558498, 'lng': 15.64146}",False,False,20,8,12,OPEN,1711617315000,15.9,39,1.9,12.3,0,0.0,967.4
4,maribor,STROSSMAYERJEVA UL. - TRŽNICA,Strossmayerjeva ulica 3,"{'lat': 46.558498, 'lng': 15.64146}",False,False,20,2,18,OPEN,1711620968000,16.6,39,2.6,13.1,0,0.0,967.8
4,maribor,STROSSMAYERJEVA UL. - TRŽNICA,Strossmayerjeva ulica 3,"{'lat': 46.558498, 'lng': 15.64146}",False,False,20,2,18,OPEN,1711624572000,15.1,47,3.9,11.6,0,0.0,968.7
4,maribor,STROSSMAYERJEVA UL. - TRŽNICA,Strossmayerjeva ulica 3,"{'lat': 46.558498, 'lng': 15.64146}",False,False,20,8,12,OPEN,1711629185000,13.6,60,5.9,10.3,60,0.1,968.6
4,maribor,STROSSMAYERJEVA UL. - TRŽNICA,Strossmayerjeva ulica 3,"{'lat': 46.558498, 'lng': 15.64146}",False,False,20,7,13,OPEN,1711631895000,13.6,60,5.9,10.3,60,0.1,968.6
4,maribor,STROSSMAYERJEVA UL. - TRŽNICA,Strossmayerjeva ulica 3,"{'lat': 46.558498, 'lng': 15.64146}",False,False,20,6,14,OPEN,1711635541000,12.1,66,6.0,9.9,90,0.1,968.2
4,maribor,STROSSMAYERJEVA UL. - TRŽNICA,Strossmayerjeva ulica 3,"{'lat': 46.558498, 'lng': 15.64146}",False,False,20,6,14,OPEN,1711639025000,11.6,74,7.2,9.6,82,0.3,967.9
4,maribor,STROSSMAYERJEVA UL. - TRŽNICA,Strossmayerjeva ulica 3,"{'lat': 46.558498, 'lng': 15.64146}",False,False,20,9,11,OPEN,1711642836000,10.9,82,7.9,8.6,73,0.2,967.6
4,maribor,STROSSMAYERJEVA UL. - TRŽNICA,Strossmayerjeva ulica 3,"{'lat': 46.558498, 'lng': 15.64146}",False,False,20,12,8,OPEN,1711645934000,9.9,90,8.3,8.2,65,0.4,968.3
4,maribor,STROSSMAYERJEVA UL. - TRŽNICA,Strossmayerjeva ulica 3,"{'lat': 46.558498, 'lng': 15.64146}",False,False,20,11,9,OPEN,1711650108000,9.7,91,8.3,8.6,63,0.1,968.9
4,maribor,STROSSMAYERJEVA UL. - TRŽNICA,Strossmayerjeva ulica 3,"{'lat': 46.558498, 'lng': 15.64146}",False,False,20,12,8,OPEN,1711653139000,9.9,89,8.1,8.7,60,0.0,970.4
4,maribor,STROSSMAYERJEVA UL. - TRŽNICA,Strossmayerjeva ulica 3,"{'lat': 46.558498, 'lng': 15.64146}",False,False,20,9,11,OPEN,1711657119000,9.8,83,7.0,7.5,77,0.0,973.8
4,maribor,STROSSMAYERJEVA UL. - TRŽNICA,Strossmayerjeva ulica 3,"{'lat': 46.558498, 'lng': 15.64146}",False,False,20,14,6,OPEN,1711660406000,8.4,69,3.0,5.3,77,0.0,976.0
4,maribor,STROSSMAYERJEVA UL. - TRŽNICA,Strossmayerjeva ulica 3,"{'lat': 46.558498, 'lng': 15.64146}",False,False,20,13,7,OPEN,1711664037000,7.8,73,3.3,6.0,77,0.0,976.2
4,maribor,STROSSMAYERJEVA UL. - TRŽNICA,Strossmayerjeva ulica 3,"{'lat': 46.558498, 'lng': 15.64146}",False,False,20,14,6,OPEN,1711667669000,10.9,71,5.9,9.6,13,0.0,960.1
4,maribor,STROSSMAYERJEVA UL. - TRŽNICA,Strossmayerjeva ulica 3,"{'lat': 46.558498, 'lng': 15.64146}",False,False,20,13,7,OPEN,1711674323000,5.7,92,4.5,4.1,1,0.0,977.8
4,maribor,STROSSMAYERJEVA UL. - TRŽNICA,Strossmayerjeva ulica 3,"{'lat': 46.558498, 'lng': 15.64146}",False,False,20,12,8,OPEN,1711678558000,5.2,93,4.2,3.4,0,0.0,978.5
4,maribor,STROSSMAYERJEVA UL. - TRŽNICA,Strossmayerjeva ulica 3,"{'lat': 46.558498, 'lng': 15.64146}",False,False,20,12,8,OPEN,1711681857000,5.0,90,3.5,3.0,0,0.0,978.5
4,maribor,STROSSMAYERJEVA UL. - TRŽNICA,Strossmayerjeva ulica 3,"{'lat': 46.558498, 'lng': 15.64146}",False,False,20,12,8,OPEN,1711685486000,5.1,89,3.4,3.3,0,0.0,978.7
4,maribor,STROSSMAYERJEVA UL. - TRŽNICA,Strossmayerjeva ulica 3,"{'lat': 46.558498, 'lng': 15.64146}",False,False,20,13,7,OPEN,1711689166000,5.3,89,3.6,3.5,0,0.0,979.1
4,maribor,STROSSMAYERJEVA UL. - TRŽNICA,Strossmayerjeva ulica 3,"{'lat': 46.558498, 'lng': 15.64146}",False,False,20,4,15,OPEN,1711693051000,7.2,84,4.7,5.7,0,0.0,979.1
4,maribor,STROSSMAYERJEVA UL. - TRŽNICA,Strossmayerjeva ulica 3,"{'lat': 46.558498, 'lng': 15.64146}",False,False,20,13,7,OPEN,1711696435000,11.6,76,7.5,9.4,0,0.0,978.8
4,maribor,STROSSMAYERJEVA UL. - TRŽNICA,Strossmayerjeva ulica 3,"{'lat': 46.558498, 'lng': 15.64146}",False,False,20,2,18,OPEN,1711700410000,15.1,66,8.8,13.0,0,0.0,978.9
4,maribor,STROSSMAYERJEVA UL. - TRŽNICA,Strossmayerjeva ulica 3,"{'lat': 46.558498, 'lng': 15.64146}",False,False,20,11,9,OPEN,1711703677000,18.5,48,7.2,15.7,1,0.0,978.7
4,maribor,STROSSMAYERJEVA UL. - TRŽNICA,Strossmayerjeva ulica 3,"{'lat': 46.558498, 'lng': 15.64146}",False,False,20,10,10,OPEN,1711707400000,18.8,48,7.6,16.3,2,0.0,978.6
4,maribor,STROSSMAYERJEVA UL. - TRŽNICA,Strossmayerjeva ulica 3,"{'lat': 46.558498, 'lng': 15.64146}",False,False,20,10,10,OPEN,1711710972000,18.6,53,8.8,16.1,3,0.0,978.5
4,maribor,STROSSMAYERJEVA UL. - TRŽNICA,Strossmayerjeva ulica 3,"{'lat': 46.558498, 'lng': 15.64146}",False,False,20,16,4,OPEN,1711715526000,19.0,52,8.9,17.0,1,0.0,978.3
4,maribor,STROSSMAYERJEVA UL. - TRŽNICA,Strossmayerjeva ulica 3,"{'lat': 46.558498, 'lng': 15.64146}",False,False,20,20,0,OPEN,1711718265000,19.0,52,8.9,17.0,5,0.0,978.3
4,maribor,STROSSMAYERJEVA UL. - TRŽNICA,Strossmayerjeva ulica 3,"{'lat': 46.558498, 'lng': 15.64146}",False,False,20,18,2,OPEN,1711721696000,17.6,58,9.3,15.8,0,0.0,978.4
4,maribor,STROSSMAYERJEVA UL. - TRŽNICA,Strossmayerjeva ulica 3,"{'lat': 46.558498, 'lng': 15.64146}",False,False,20,13,7,OPEN,1711725124000,17.3,59,9.2,15.5,0,0.0,978.1
4,maribor,STROSSMAYERJEVA UL. - TRŽNICA,Strossmayerjeva ulica 3,"{'lat': 46.558498, 'lng': 15.64146}",False,False,20,14,6,OPEN,1711729202000,16.2,66,9.8,13.8,0,0.0,977.2
4,maribor,STROSSMAYERJEVA UL. - TRŽNICA,Strossmayerjeva ulica 3,"{'lat': 46.558498, 'lng': 15.64146}",False,False,20,16,4,OPEN,1711732464000,16.0,60,8.3,14.0,0,0.0,977.3
4,maribor,STROSSMAYERJEVA UL. - TRŽNICA,Strossmayerjeva ulica 3,"{'lat': 46.558498, 'lng': 15.64146}",False,False,20,16,4,OPEN,1711736464000,16.5,55,7.4,14.3,0,0.0,977.5
4,maribor,STROSSMAYERJEVA UL. - TRŽNICA,Strossmayerjeva ulica 3,"{'lat': 46.558498, 'lng': 15.64146}",False,False,20,14,6,OPEN,1711739684000,16.4,54,7.1,14.0,0,0.0,978.1
4,maribor,STROSSMAYERJEVA UL. - TRŽNICA,Strossmayerjeva ulica 3,"{'lat': 46.558498, 'lng': 15.64146}",False,False,20,10,10,OPEN,1711743154000,16.6,51,6.5,14.3,0,0.0,979.0
4,maribor,STROSSMAYERJEVA UL. - TRŽNICA,Strossmayerjeva ulica 3,"{'lat': 46.558498, 'lng': 15.64146}",False,False,20,13,7,OPEN,1711746793000,14.8,63,7.8,13.5,0,0.0,979.1
4,maribor,STROSSMAYERJEVA UL. - TRŽNICA,Strossmayerjeva ulica 3,"{'lat': 46.558498, 'lng': 15.64146}",False,False,20,15,5,OPEN,1711750431000,14.5,63,7.5,13.2,0,0.0,979.2
4,maribor,STROSSMAYERJEVA UL. - TRŽNICA,Strossmayerjeva ulica 3,"{'lat': 46.558498, 'lng': 15.64146}",False,False,20,16,4,OPEN,1711754063000,6.3,86,4.1,4.5,3,0.0,977.5
4,maribor,STROSSMAYERJEVA UL. - TRŽNICA,Strossmayerjeva ulica 3,"{'lat': 46.558498, 'lng': 15.64146}",False,False,20,20,0,OPEN,1711760727000,11.6,75,7.3,10.2,0,0.0,978.5
4,maribor,STROSSMAYERJEVA UL. - TRŽNICA,Strossmayerjeva ulica 3,"{'lat': 46.558498, 'lng': 15.64146}",False,False,20,19,1,OPEN,1711764962000,11.4,75,7.1,10.0,0,0.0,978.9
4,maribor,STROSSMAYERJEVA UL. - TRŽNICA,Strossmayerjeva ulica 3,"{'lat': 46.558498, 'lng': 15.64146}",False,False,20,20,0,OPEN,1711768864000,11.3,75,7.0,9.9,0,0.0,978.7
4,maribor,STROSSMAYERJEVA UL. - TRŽNICA,Strossmayerjeva ulica 3,"{'lat': 46.558498, 'lng': 15.64146}",False,False,20,20,0,OPEN,1711771889000,11.4,74,6.9,9.9,0,0.0,978.7
4,maribor,STROSSMAYERJEVA UL. - TRŽNICA,Strossmayerjeva ulica 3,"{'lat': 46.558498, 'lng': 15.64146}",False,False,20,20,0,OPEN,1711775520000,10.6,81,7.5,9.5,0,0.0,978.3
4,maribor,STROSSMAYERJEVA UL. - TRŽNICA,Strossmayerjeva ulica 3,"{'lat': 46.558498, 'lng': 15.64146}",False,False,20,20,0,OPEN,1711779150000,12.6,73,7.9,11.6,0,0.0,978.4
4,maribor,STROSSMAYERJEVA UL. - TRŽNICA,Strossmayerjeva ulica 3,"{'lat': 46.558498, 'lng': 15.64146}",False,False,20,20,0,OPEN,1711782787000,14.9,67,8.9,14.2,0,0.0,978.6
4,maribor,STROSSMAYERJEVA UL. - TRŽNICA,Strossmayerjeva ulica 3,"{'lat': 46.558498, 'lng': 15.64146}",False,False,20,15,5,OPEN,1711786535000,18.4,58,10.0,18.3,0,0.0,978.2
4,maribor,STROSSMAYERJEVA UL. - TRŽNICA,Strossmayerjeva ulica 3,"{'lat': 46.558498, 'lng': 15.64146}",False,False,20,13,7,OPEN,1711790061000,21.4,35,5.3,19.0,0,0.0,977.8
4,maribor,STROSSMAYERJEVA UL. - TRŽNICA,Strossmayerjeva ulica 3,"{'lat': 46.558498, 'lng': 15.64146}",False,False,20,11,9,OPEN,1711793692000,21.4,40,7.2,19.4,0,0.0,977.5
4,maribor,STROSSMAYERJEVA UL. - TRŽNICA,Strossmayerjeva ulica 3,"{'lat': 46.558498, 'lng': 15.64146}",False,False,20,12,8,OPEN,1711801574000,22.5,35,6.3,19.7,0,0.0,976.1
4,maribor,STROSSMAYERJEVA UL. - TRŽNICA,Strossmayerjeva ulica 3,"{'lat': 46.558498, 'lng': 15.64146}",False,False,20,15,5,OPEN,1711804608000,22.5,37,7.0,20.0,0,0.0,975.2
4,maribor,STROSSMAYERJEVA UL. - TRŽNICA,Strossmayerjeva ulica 3,"{'lat': 46.558498, 'lng': 15.64146}",False,False,20,11,9,OPEN,1711807642000,22.0,39,7.5,19.9,0,0.0,975.1
4,maribor,STROSSMAYERJEVA UL. - TRŽNICA,Strossmayerjeva ulica 3,"{'lat': 46.558498, 'lng': 15.64146}",False,False,20,5,15,OPEN,1711811298000,21.5,40,7.4,19.7,0,0.0,974.4
4,maribor,STROSSMAYERJEVA UL. - TRŽNICA,Strossmayerjeva ulica 3,"{'lat': 46.558498, 'lng': 15.64146}",False,False,20,3,17,OPEN,1711815528000,20.2,35,4.3,18.1,0,0.0,974.3
4,maribor,STROSSMAYERJEVA UL. - TRŽNICA,Strossmayerjeva ulica 3,"{'lat': 46.558498, 'lng': 15.64146}",False,False,20,6,14,OPEN,1711818561000,18.0,43,5.2,15.6,0,0.0,974.8
4,maribor,STROSSMAYERJEVA UL. - TRŽNICA,Strossmayerjeva ulica 3,"{'lat': 46.558498, 'lng': 15.64146}",False,False,20,10,10,OPEN,1711822819000,17.0,42,4.0,14.8,0,0.0,975.2
4,maribor,STROSSMAYERJEVA UL. - TRŽNICA,Strossmayerjeva ulica 3,"{'lat': 46.558498, 'lng': 15.64146}",False,False,20,13,7,OPEN,1711825849000,14.7,62,7.5,13.5,0,0.0,975.3
4,maribor,STROSSMAYERJEVA UL. - TRŽNICA,Strossmayerjeva ulica 3,"{'lat': 46.558498, 'lng': 15.64146}",False,False,20,15,5,OPEN,1711829488000,13.7,62,6.5,12.2,0,0.0,974.9
4,maribor,STROSSMAYERJEVA UL. - TRŽNICA,Strossmayerjeva ulica 3,"{'lat': 46.558498, 'lng': 15.64146}",False,False,20,12,8,OPEN,1711833125000,12.9,64,6.3,11.5,0,0.0,975.1
4,maribor,STROSSMAYERJEVA UL. - TRŽNICA,Strossmayerjeva ulica 3,"{'lat': 46.558498, 'lng': 15.64146}",False,False,20,15,5,OPEN,1711836761000,11.9,69,6.4,10.3,0,0.0,974.8
4,maribor,STROSSMAYERJEVA UL. - TRŽNICA,Strossmayerjeva ulica 3,"{'lat': 46.558498, 'lng': 15.64146}",False,False,20,16,4,OPEN,1711840397000,14.4,57,5.9,12.8,0,0.0,979.3
4,maribor,STROSSMAYERJEVA UL. - TRŽNICA,Strossmayerjeva ulica 3,"{'lat': 46.558498, 'lng': 15.64146}",False,False,20,17,3,OPEN,1711847662000,11.6,67,5.6,9.5,0,0.0,974.3
4,maribor,STROSSMAYERJEVA UL. - TRŽNICA,Strossmayerjeva ulica 3,"{'lat': 46.558498, 'lng': 15.64146}",False,False,20,17,3,OPEN,1711851899000,11.3,69,5.8,9.1,0,0.0,974.2
4,maribor,STROSSMAYERJEVA UL. - TRŽNICA,Strossmayerjeva ulica 3,"{'lat': 46.558498, 'lng': 15.64146}",False,False,20,17,3,OPEN,1711854658000,11.6,68,5.8,9.0,0,0.0,974.1
4,maribor,STROSSMAYERJEVA UL. - TRŽNICA,Strossmayerjeva ulica 3,"{'lat': 46.558498, 'lng': 15.64146}",False,False,20,18,2,OPEN,1711858895000,12.1,67,6.2,9.7,0,0.0,974.2
4,maribor,STROSSMAYERJEVA UL. - TRŽNICA,Strossmayerjeva ulica 3,"{'lat': 46.558498, 'lng': 15.64146}",False,False,20,17,3,OPEN,1711861920000,13.6,62,6.5,11.7,0,0.0,974.4
4,maribor,STROSSMAYERJEVA UL. - TRŽNICA,Strossmayerjeva ulica 3,"{'lat': 46.558498, 'lng': 15.64146}",False,False,20,17,3,OPEN,1711865549000,16.6,54,7.3,14.5,0,0.0,974.3
4,maribor,STROSSMAYERJEVA UL. - TRŽNICA,Strossmayerjeva ulica 3,"{'lat': 46.558498, 'lng': 15.64146}",False,False,20,17,3,OPEN,1711869178000,20.5,41,6.8,18.2,0,0.0,974.5
4,maribor,STROSSMAYERJEVA UL. - TRŽNICA,Strossmayerjeva ulica 3,"{'lat': 46.558498, 'lng': 15.64146}",False,False,20,17,3,OPEN,1711872898000,21.2,38,6.4,20.0,0,0.0,974.3
4,maribor,STROSSMAYERJEVA UL. - TRŽNICA,Strossmayerjeva ulica 3,"{'lat': 46.558498, 'lng': 15.64146}",False,False,20,17,3,OPEN,1711876440000,21.5,38,6.5,18.6,0,0.0,974.5
4,maribor,STROSSMAYERJEVA UL. - TRŽNICA,Strossmayerjeva ulica 3,"{'lat': 46.558498, 'lng': 15.64146}",False,False,20,17,3,OPEN,1711880070000,21.2,39,6.7,19.0,0,0.0,974.1
4,maribor,STROSSMAYERJEVA UL. - TRŽNICA,Strossmayerjeva ulica 3,"{'lat': 46.558498, 'lng': 15.64146}",False,False,20,15,5,OPEN,1711883511000,21.2,40,7.1,18.3,6,0.0,974.3
4,maribor,STROSSMAYERJEVA UL. - TRŽNICA,Strossmayerjeva ulica 3,"{'lat': 46.558498, 'lng': 15.64146}",False,False,20,11,9,OPEN,1711888083000,19.0,45,6.8,15.6,19,0.0,973.3
4,maribor,STROSSMAYERJEVA UL. - TRŽNICA,Strossmayerjeva ulica 3,"{'lat': 46.558498, 'lng': 15.64146}",False,False,20,10,10,OPEN,1711891068000,19.0,45,6.8,15.6,19,0.0,973.3
4,maribor,STROSSMAYERJEVA UL. - TRŽNICA,Strossmayerjeva ulica 3,"{'lat': 46.558498, 'lng': 15.64146}",False,False,20,10,10,OPEN,1711894002000,18.7,54,9.2,16.9,0,0.0,974.1
4,maribor,STROSSMAYERJEVA UL. - TRŽNICA,Strossmayerjeva ulica 3,"{'lat': 46.558498, 'lng': 15.64146}",False,False,20,13,7,OPEN,1711897642000,17.6,57,9.0,15.1,0,0.0,973.9
4,maribor,STROSSMAYERJEVA UL. - TRŽNICA,Strossmayerjeva ulica 3,"{'lat': 46.558498, 'lng': 15.64146}",False,False,20,12,8,OPEN,1711901879000,16.5,62,9.1,13.9,0,0.0,974.1
4,maribor,STROSSMAYERJEVA UL. - TRŽNICA,Strossmayerjeva ulica 3,"{'lat': 46.558498, 'lng': 15.64146}",False,False,20,7,13,OPEN,1711904906000,15.8,63,8.8,14.7,0,0.0,974.7
4,maribor,STROSSMAYERJEVA UL. - TRŽNICA,Strossmayerjeva ulica 3,"{'lat': 46.558498, 'lng': 15.64146}",False,False,20,9,11,OPEN,1711909150000,13.8,77,9.8,13.4,0,0.0,974.9
4,maribor,STROSSMAYERJEVA UL. - TRŽNICA,Strossmayerjeva ulica 3,"{'lat': 46.558498, 'lng': 15.64146}",False,False,20,7,13,OPEN,1711912440000,14.8,72,9.8,13.5,0,0.0,974.9
4,maribor,STROSSMAYERJEVA UL. - TRŽNICA,Strossmayerjeva ulica 3,"{'lat': 46.558498, 'lng': 15.64146}",False,False,20,6,14,OPEN,1711916038000,13.6,80,10.2,12.4,0,0.0,974.8
4,maribor,STROSSMAYERJEVA UL. - TRŽNICA,Strossmayerjeva ulica 3,"{'lat': 46.558498, 'lng': 15.64146}",False,False,20,6,14,OPEN,1711919444000,13.1,84,10.4,11.9,0,0.0,974.3
4,maribor,STROSSMAYERJEVA UL. - TRŽNICA,Strossmayerjeva ulica 3,"{'lat': 46.558498, 'lng': 15.64146}",False,False,20,5,15,OPEN,1711923074000,12.2,75,7.9,10.6,0,0.0,974.2
4,maribor,STROSSMAYERJEVA UL. - TRŽNICA,Strossmayerjeva ulica 3,"{'lat': 46.558498, 'lng': 15.64146}",False,False,20,5,15,OPEN,1711926705000,12.2,75,7.9,10.6,0,0.0,974.2
4,maribor,STROSSMAYERJEVA UL. - TRŽNICA,Strossmayerjeva ulica 3,"{'lat': 46.558498, 'lng': 15.64146}",False,False,20,3,17,OPEN,1711933967000,13.6,79,10.0,11.5,0,0.0,972.0
4,maribor,STROSSMAYERJEVA UL. - TRŽNICA,Strossmayerjeva ulica 3,"{'lat': 46.558498, 'lng': 15.64146}",False,False,20,3,17,OPEN,1711938665000,13.9,76,9.7,11.5,0,0.0,972.0
4,maribor,STROSSMAYERJEVA UL. - TRŽNICA,Strossmayerjeva ulica 3,"{'lat': 46.558498, 'lng': 15.64146}",False,False,20,3,17,OPEN,1711941085000,13.9,76,9.7,11.5,0,0.0,972.0
4,maribor,STROSSMAYERJEVA UL. - TRŽNICA,Strossmayerjeva ulica 3,"{'lat': 46.558498, 'lng': 15.64146}",False,False,20,3,17,OPEN,1711944715000,15.1,70,9.7,13.7,0,0.0,972.7
4,maribor,STROSSMAYERJEVA UL. - TRŽNICA,Strossmayerjeva ulica 3,"{'lat': 46.558498, 'lng': 15.64146}",False,False,20,3,17,OPEN,1711948344000,17.3,56,8.4,14.8,0,0.0,972.0
4,maribor,STROSSMAYERJEVA UL. - TRŽNICA,Strossmayerjeva ulica 3,"{'lat': 46.558498, 'lng': 15.64146}",False,False,20,1,19,OPEN,1711952581000,19.6,47,8.0,17.5,0,0.0,971.9
4,maribor,STROSSMAYERJEVA UL. - TRŽNICA,Strossmayerjeva ulica 3,"{'lat': 46.558498, 'lng': 15.64146}",False,False,20,9,11,OPEN,1711955611000,22.6,32,5.1,20.0,0,0.0,971.2
4,maribor,STROSSMAYERJEVA UL. - TRŽNICA,Strossmayerjeva ulica 3,"{'lat': 46.558498, 'lng': 15.64146}",False,False,20,7,13,OPEN,1711959352000,23.0,38,7.9,21.1,0,0.0,971.2
4,maribor,STROSSMAYERJEVA UL. - TRŽNICA,Strossmayerjeva ulica 3,"{'lat': 46.558498, 'lng': 15.64146}",False,False,20,6,14,OPEN,1711963111000,24.0,36,8.0,22.0,0,0.0,970.0
4,maribor,STROSSMAYERJEVA UL. - TRŽNICA,Strossmayerjeva ulica 3,"{'lat': 46.558498, 'lng': 15.64146}",False,False,20,9,11,OPEN,1711966540000,24.9,36,8.8,23.2,0,0.0,969.4
4,maribor,STROSSMAYERJEVA UL. - TRŽNICA,Strossmayerjeva ulica 3,"{'lat': 46.558498, 'lng': 15.64146}",False,False,20,10,10,OPEN,1711970143000,24.5,30,5.7,21.2,0,0.0,969.2
4,maribor,STROSSMAYERJEVA UL. - TRŽNICA,Strossmayerjeva ulica 3,"{'lat': 46.558498, 'lng': 15.64146}",False,False,20,9,11,OPEN,1711974429000,21.9,39,7.3,17.0,3,0.0,967.0
4,maribor,STROSSMAYERJEVA UL. - TRŽNICA,Strossmayerjeva ulica 3,"{'lat': 46.558498, 'lng': 15.64146}",False,False,20,8,12,OPEN,1711977413000,21.9,39,7.3,17.0,3,0.0,967.0
4,maribor,STROSSMAYERJEVA UL. - TRŽNICA,Strossmayerjeva ulica 3,"{'lat': 46.558498, 'lng': 15.64146}",False,False,20,4,16,OPEN,1711980754000,20.9,46,8.8,17.9,16,0.0,966.9
4,maribor,STROSSMAYERJEVA UL. - TRŽNICA,Strossmayerjeva ulica 3,"{'lat': 46.558498, 'lng': 15.64146}",False,False,20,4,16,OPEN,1711984492000,16.6,55,7.5,13.0,29,0.0,968.3
4,maribor,STROSSMAYERJEVA UL. - TRŽNICA,Strossmayerjeva ulica 3,"{'lat': 46.558498, 'lng': 15.64146}",False,False,20,2,18,OPEN,1711988322000,14.4,58,6.2,10.5,42,0.0,969.6
4,maribor,STROSSMAYERJEVA UL. - TRŽNICA,Strossmayerjeva ulica 3,"{'lat': 46.558498, 'lng': 15.64146}",False,False,20,0,20,OPEN,1711991462000,13.2,65,6.8,9.6,60,0.0,970.4
4,maribor,STROSSMAYERJEVA UL. - TRŽNICA,Strossmayerjeva ulica 3,"{'lat': 46.558498, 'lng': 15.64146}",False,False,20,5,15,OPEN,1711995592000,12.5,67,6.5,9.9,79,1.3,970.1
4,maribor,STROSSMAYERJEVA UL. - TRŽNICA,Strossmayerjeva ulica 3,"{'lat': 46.558498, 'lng': 15.64146}",False,False,20,7,13,OPEN,1711998626000,12.8,62,5.7,9.9,97,0.3,970.1
4,maribor,STROSSMAYERJEVA UL. - TRŽNICA,Strossmayerjeva ulica 3,"{'lat': 46.558498, 'lng': 15.64146}",False,False,20,5,15,OPEN,1712002257000,11.3,72,6.4,8.8,90,1.2,971.1
4,maribor,STROSSMAYERJEVA UL. - TRŽNICA,Strossmayerjeva ulica 3,"{'lat': 46.558498, 'lng': 15.64146}",False,False,20,5,15,OPEN,1712005886000,11.3,68,5.6,9.7,90,0.6,972.4
4,maribor,STROSSMAYERJEVA UL. - TRŽNICA,Strossmayerjeva ulica 3,"{'lat': 46.558498, 'lng': 15.64146}",False,False,20,5,15,OPEN,1712009515000,13.2,79,9.7,12.4,0,0.0,973.0
4,maribor,STROSSMAYERJEVA UL. - TRŽNICA,Strossmayerjeva ulica 3,"{'lat': 46.558498, 'lng': 15.64146}",False,False,20,5,15,OPEN,1712013144000,13.2,79,9.7,12.4,0,0.0,973.0
4,maribor,STROSSMAYERJEVA UL. - TRŽNICA,Strossmayerjeva ulica 3,"{'lat': 46.558498, 'lng': 15.64146}",False,False,20,5,15,OPEN,1712020402000,9.6,80,6.3,8.2,100,0.0,975.3
4,maribor,STROSSMAYERJEVA UL. - TRŽNICA,Strossmayerjeva ulica 3,"{'lat': 46.558498, 'lng': 15.64146}",False,False,20,5,15,OPEN,1712024460000,9.1,82,6.2,7.9,68,0.0,976.1
4,maribor,STROSSMAYERJEVA UL. - TRŽNICA,Strossmayerjeva ulica 3,"{'lat': 46.558498, 'lng': 15.64146}",False,False,20,5,15,OPEN,1712027486000,9.2,72,4.5,7.5,35,0.0,976.8
4,maribor,STROSSMAYERJEVA UL. - TRŽNICA,Strossmayerjeva ulica 3,"{'lat': 46.558498, 'lng': 15.64146}",False,False,20,5,15,OPEN,1712031117000,10.0,71,5.0,8.3,3,0.0,977.7
4,maribor,STROSSMAYERJEVA UL. - TRŽNICA,Strossmayerjeva ulica 3,"{'lat': 46.558498, 'lng': 15.64146}",False,False,20,0,20,OPEN,1712034750000,12.4,65,6.0,9.7,4,0.0,977.9
4,maribor,STROSSMAYERJEVA UL. - TRŽNICA,Strossmayerjeva ulica 3,"{'lat': 46.558498, 'lng': 15.64146}",False,False,20,9,11,OPEN,1712038729000,14.2,51,4.2,10.9,5,0.0,978.8
4,maribor,STROSSMAYERJEVA UL. - TRŽNICA,Strossmayerjeva ulica 3,"{'lat': 46.558498, 'lng': 15.64146}",False,False,20,4,16,OPEN,1712042037000,15.8,39,1.8,12.1,6,0.0,979.6
4,maribor,STROSSMAYERJEVA UL. - TRŽNICA,Strossmayerjeva ulica 3,"{'lat': 46.558498, 'lng': 15.64146}",False,False,20,12,8,OPEN,1712046060000,16.8,32,0.0,13.6,10,0.0,980.0
4,maribor,STROSSMAYERJEVA UL. - TRŽNICA,Strossmayerjeva ulica 3,"{'lat': 46.558498, 'lng': 15.64146}",False,False,20,3,17,OPEN,1712049335000,17.9,28,-0.9,14.7,23,0.0,979.7
4,maribor,STROSSMAYERJEVA UL. - TRŽNICA,Strossmayerjeva ulica 3,"{'lat': 46.558498, 'lng': 15.64146}",False,False,20,6,14,OPEN,1712052982000,17.8,30,-0.1,14.6,35,0.0,979.5
4,maribor,STROSSMAYERJEVA UL. - TRŽNICA,Strossmayerjeva ulica 3,"{'lat': 46.558498, 'lng': 15.64146}",False,False,20,4,16,OPEN,1712056457000,17.0,36,1.8,12.8,38,0.0,979.2
4,maribor,STROSSMAYERJEVA UL. - TRŽNICA,Strossmayerjeva ulica 3,"{'lat': 46.558498, 'lng': 15.64146}",False,False,20,20,0,OPEN,1712061094000,12.9,58,4.8,9.4,84,0.0,980.2
4,maribor,STROSSMAYERJEVA UL. - TRŽNICA,Strossmayerjeva ulica 3,"{'lat': 46.558498, 'lng': 15.64146}",False,False,20,20,0,OPEN,1712063956000,12.9,58,4.8,9.4,84,0.0,980.2
4,maribor,STROSSMAYERJEVA UL. - TRŽNICA,Strossmayerjeva ulica 3,"{'lat': 46.558498, 'lng': 15.64146}",False,False,20,19,1,OPEN,1712067271000,14.1,49,3.5,11.4,85,0.0,980.1
4,maribor,STROSSMAYERJEVA UL. - TRŽNICA,Strossmayerjeva ulica 3,"{'lat': 46.558498, 'lng': 15.64146}",False,False,20,16,4,OPEN,1712071150000,12.9,61,5.6,10.6,86,0.0,981.1
4,maribor,STROSSMAYERJEVA UL. - TRŽNICA,Strossmayerjeva ulica 3,"{'lat': 46.558498, 'lng': 15.64146}",False,False,20,17,3,OPEN,1712074909000,12.1,70,6.8,10.8,87,0.0,981.5
4,maribor,STROSSMAYERJEVA UL. - TRŽNICA,Strossmayerjeva ulica 3,"{'lat': 46.558498, 'lng': 15.64146}",False,False,20,12,8,OPEN,1712077955000,11.4,63,4.6,9.7,63,0.0,981.7
4,maribor,STROSSMAYERJEVA UL. - TRŽNICA,Strossmayerjeva ulica 3,"{'lat': 46.558498, 'lng': 15.64146}",False,False,20,15,5,OPEN,1712082053000,10.2,71,5.2,8.7,40,0.0,982.0
4,maribor,STROSSMAYERJEVA UL. - TRŽNICA,Strossmayerjeva ulica 3,"{'lat': 46.558498, 'lng': 15.64146}",False,False,20,10,10,OPEN,1712085184000,9.2,74,4.9,7.8,16,0.0,982.3
4,maribor,STROSSMAYERJEVA UL. - TRŽNICA,Strossmayerjeva ulica 3,"{'lat': 46.558498, 'lng': 15.64146}",False,False,20,13,7,OPEN,1712088947000,7.2,96,6.6,5.9,16,0.0,982.6
4,maribor,STROSSMAYERJEVA UL. - TRŽNICA,Strossmayerjeva ulica 3,"{'lat': 46.558498, 'lng': 15.64146}",False,False,20,14,6,OPEN,1712092534000,6.8,95,6.1,5.6,6,0.0,982.7
4,maribor,STROSSMAYERJEVA UL. - TRŽNICA,Strossmayerjeva ulica 3,"{'lat': 46.558498, 'lng': 15.64146}",False,False,20,13,7,OPEN,1712096167000,10.6,71,5.6,9.3,100,0.8,972.8
4,maribor,STROSSMAYERJEVA UL. - TRŽNICA,Strossmayerjeva ulica 3,"{'lat': 46.558498, 'lng': 15.64146}",False,False,20,12,8,OPEN,1712099801000,10.6,71,5.6,9.3,100,0.8,972.8
4,maribor,STROSSMAYERJEVA UL. - TRŽNICA,Strossmayerjeva ulica 3,"{'lat': 46.558498, 'lng': 15.64146}",False,False,20,11,9,OPEN,1712106783000,7.1,69,1.7,5.0,0,0.0,982.1
4,maribor,STROSSMAYERJEVA UL. - TRŽNICA,Strossmayerjeva ulica 3,"{'lat': 46.558498, 'lng': 15.64146}",False,False,20,11,9,OPEN,1712110863000,4.8,84,2.3,2.8,0,0.0,982.5
4,maribor,STROSSMAYERJEVA UL. - TRŽNICA,Strossmayerjeva ulica 3,"{'lat': 46.558498, 'lng': 15.64146}",False,False,20,10,10,OPEN,1712113891000,4.7,85,2.4,2.6,0,0.0,982.3
4,maribor,STROSSMAYERJEVA UL. - TRŽNICA,Strossmayerjeva ulica 3,"{'lat': 46.558498, 'lng': 15.64146}",False,False,20,11,9,OPEN,1712118129000,5.2,86,3.0,3.2,0,0.0,982.3
4,maribor,STROSSMAYERJEVA UL. - TRŽNICA,Strossmayerjeva ulica 3,"{'lat': 46.558498, 'lng': 15.64146}",False,False,20,14,6,OPEN,1712121345000,6.9,77,3.2,5.1,0,0.0,982.1
4,maribor,STROSSMAYERJEVA UL. - TRŽNICA,Strossmayerjeva ulica 3,"{'lat': 46.558498, 'lng': 15.64146}",False,False,20,14,6,OPEN,1712125209000,9.8,65,3.5,7.9,0,0.0,981.9
4,maribor,STROSSMAYERJEVA UL. - TRŽNICA,Strossmayerjeva ulica 3,"{'lat': 46.558498, 'lng': 15.64146}",False,False,20,3,17,OPEN,1712128517000,12.4,62,5.4,10.6,0,0.0,981.9
4,maribor,STROSSMAYERJEVA UL. - TRŽNICA,Strossmayerjeva ulica 3,"{'lat': 46.558498, 'lng': 15.64146}",False,False,20,13,7,OPEN,1712132281000,14.8,57,6.3,13.1,0,0.0,981.3
4,maribor,STROSSMAYERJEVA UL. - TRŽNICA,Strossmayerjeva ulica 3,"{'lat': 46.558498, 'lng': 15.64146}",False,False,20,5,15,OPEN,1712135869000,16.5,49,5.8,14.9,0,0.0,980.5
4,maribor,STROSSMAYERJEVA UL. - TRŽNICA,Strossmayerjeva ulica 3,"{'lat': 46.558498, 'lng': 15.64146}",False,False,20,5,15,OPEN,1712139395000,16.9,41,3.5,12.9,0,0.0,980.6
4,maribor,STROSSMAYERJEVA UL. - TRŽNICA,Strossmayerjeva ulica 3,"{'lat': 46.558498, 'lng': 15.64146}",False,False,20,4,16,OPEN,1712142757000,16.2,42,3.3,12.7,0,0.0,980.4
4,maribor,STROSSMAYERJEVA UL. - TRŽNICA,Strossmayerjeva ulica 3,"{'lat': 46.558498, 'lng': 15.64146}",False,False,20,9,11,OPEN,1712147451000,15.1,45,3.2,11.9,0,0.0,979.6
4,maribor,STROSSMAYERJEVA UL. - TRŽNICA,Strossmayerjeva ulica 3,"{'lat': 46.558498, 'lng': 15.64146}",False,False,20,15,5,OPEN,1712153755000,14.7,47,3.5,12.1,0,0.1,979.4
4,maribor,STROSSMAYERJEVA UL. - TRŽNICA,Strossmayerjeva ulica 3,"{'lat': 46.558498, 'lng': 15.64146}",False,False,20,18,2,OPEN,1712157406000,13.7,54,4.6,11.9,1,0.0,979.4
4,maribor,STROSSMAYERJEVA UL. - TRŽNICA,Strossmayerjeva ulica 3,"{'lat': 46.558498, 'lng': 15.64146}",False,False,20,19,1,OPEN,1712161149000,11.8,64,5.2,10.2,0,0.0,979.9
4,maribor,STROSSMAYERJEVA UL. - TRŽNICA,Strossmayerjeva ulica 3,"{'lat': 46.558498, 'lng': 15.64146}",False,False,20,11,9,OPEN,1712164376000,10.2,70,5.0,8.7,0,0.0,980.6
4,maribor,STROSSMAYERJEVA UL. - TRŽNICA,Strossmayerjeva ulica 3,"{'lat': 46.558498, 'lng': 15.64146}",False,False,20,10,10,OPEN,1712168333000,11.2,53,2.0,8.1,0,0.0,980.7
4,maribor,STROSSMAYERJEVA UL. - TRŽNICA,Strossmayerjeva ulica 3,"{'lat': 46.558498, 'lng': 15.64146}",False,False,20,11,9,OPEN,1712171689000,11.4,53,2.2,8.3,0,0.0,981.0
4,maribor,STROSSMAYERJEVA UL. - TRŽNICA,Strossmayerjeva ulica 3,"{'lat': 46.558498, 'lng': 15.64146}",False,False,20,13,7,OPEN,1712175371000,12.2,49,1.8,8.5,0,0.0,981.8
4,maribor,STROSSMAYERJEVA UL. - TRŽNICA,Strossmayerjeva ulica 3,"{'lat': 46.558498, 'lng': 15.64146}",False,False,20,10,10,OPEN,1712178880000,12.4,48,1.7,8.5,0,0.0,982.1
4,maribor,STROSSMAYERJEVA UL. - TRŽNICA,Strossmayerjeva ulica 3,"{'lat': 46.558498, 'lng': 15.64146}",False,False,20,10,10,OPEN,1712182430000,5.8,92,4.6,4.3,0,0.0,982.8
4,maribor,STROSSMAYERJEVA UL. - TRŽNICA,Strossmayerjeva ulica 3,"{'lat': 46.558498, 'lng': 15.64146}",False,False,20,9,11,OPEN,1712186063000,5.8,92,4.6,4.3,0,0.0,982.8
4,maribor,STROSSMAYERJEVA UL. - TRŽNICA,Strossmayerjeva ulica 3,"{'lat': 46.558498, 'lng': 15.64146}",False,False,20,7,13,OPEN,1712192718000,11.1,59,3.4,8.6,0,0.0,983.3
4,maribor,STROSSMAYERJEVA UL. - TRŽNICA,Strossmayerjeva ulica 3,"{'lat': 46.558498, 'lng': 15.64146}",False,False,20,8,12,OPEN,1712197260000,10.9,62,3.9,9.0,0,0.0,983.5
4,maribor,STROSSMAYERJEVA UL. - TRŽNICA,Strossmayerjeva ulica 3,"{'lat': 46.558498, 'lng': 15.64146}",False,False,20,7,13,OPEN,1712200285000,10.4,62,3.4,8.3,0,0.0,983.9
4,maribor,STROSSMAYERJEVA UL. - TRŽNICA,Strossmayerjeva ulica 3,"{'lat': 46.558498, 'lng': 15.64146}",False,False,20,7,13,OPEN,1712204524000,9.6,74,5.1,7.9,0,0.0,984.3
4,maribor,STROSSMAYERJEVA UL. - TRŽNICA,Strossmayerjeva ulica 3,"{'lat': 46.558498, 'lng': 15.64146}",False,False,20,4,16,OPEN,1712207822000,11.9,66,5.7,10.2,0,0.0,984.6
4,maribor,STROSSMAYERJEVA UL. - TRŽNICA,Strossmayerjeva ulica 3,"{'lat': 46.558498, 'lng': 15.64146}",False,False,20,5,15,OPEN,1712211639000,14.4,56,5.7,12.6,0,0.0,985.0
4,maribor,STROSSMAYERJEVA UL. - TRŽNICA,Strossmayerjeva ulica 3,"{'lat': 46.558498, 'lng': 15.64146}",False,False,20,15,5,OPEN,1712214954000,16.4,49,5.6,14.2,0,0.0,984.8
4,maribor,STROSSMAYERJEVA UL. - TRŽNICA,Strossmayerjeva ulica 3,"{'lat': 46.558498, 'lng': 15.64146}",False,False,20,15,5,OPEN,1712218619000,18.5,41,5.0,16.8,0,0.0,984.8
4,maribor,STROSSMAYERJEVA UL. - TRŽNICA,Strossmayerjeva ulica 3,"{'lat': 46.558498, 'lng': 15.64146}",False,False,20,10,10,OPEN,1712222136000,19.5,46,7.6,18.3,0,0.0,984.5
4,maribor,STROSSMAYERJEVA UL. - TRŽNICA,Strossmayerjeva ulica 3,"{'lat': 46.558498, 'lng': 15.64146}",False,False,20,8,12,OPEN,1712225824000,20.4,40,6.3,17.9,0,0.0,984.2
4,maribor,STROSSMAYERJEVA UL. - TRŽNICA,Strossmayerjeva ulica 3,"{'lat': 46.558498, 'lng': 15.64146}",False,False,20,11,9,OPEN,1712233783000,20.6,42,7.3,18.4,0,0.0,982.6
4,maribor,STROSSMAYERJEVA UL. - TRŽNICA,Strossmayerjeva ulica 3,"{'lat': 46.558498, 'lng': 15.64146}",False,False,20,20,0,OPEN,1712236124000,20.6,42,7.3,18.4,0,0.0,982.6
4,maribor,STROSSMAYERJEVA UL. - TRŽNICA,Strossmayerjeva ulica 3,"{'lat': 46.558498, 'lng': 15.64146}",False,False,20,13,7,OPEN,1712240120000,19.7,41,6.1,17.3,0,0.0,982.3
4,maribor,STROSSMAYERJEVA UL. - TRŽNICA,Strossmayerjeva ulica 3,"{'lat': 46.558498, 'lng': 15.64146}",False,False,20,7,13,OPEN,1712243731000,18.3,46,6.5,16.7,0,0.0,982.5
4,maribor,STROSSMAYERJEVA UL. - TRŽNICA,Strossmayerjeva ulica 3,"{'lat': 46.558498, 'lng': 15.64146}",False,False,20,10,10,OPEN,1712247474000,16.6,52,6.7,15.5,0,0.0,982.7
4,maribor,STROSSMAYERJEVA UL. - TRŽNICA,Strossmayerjeva ulica 3,"{'lat': 46.558498, 'lng': 15.64146}",False,False,20,9,11,OPEN,1712250716000,14.8,60,7.1,13.3,0,0.0,983.2
4,maribor,STROSSMAYERJEVA UL. - TRŽNICA,Strossmayerjeva ulica 3,"{'lat': 46.558498, 'lng': 15.64146}",False,False,20,10,10,OPEN,1712254862000,13.8,64,7.1,12.7,0,0.0,983.6
4,maribor,STROSSMAYERJEVA UL. - TRŽNICA,Strossmayerjeva ulica 3,"{'lat': 46.558498, 'lng': 15.64146}",False,False,20,13,7,OPEN,1712258004000,13.5,62,6.4,12.5,0,0.0,984.4
4,maribor,STROSSMAYERJEVA UL. - TRŽNICA,Strossmayerjeva ulica 3,"{'lat': 46.558498, 'lng': 15.64146}",False,False,20,15,5,OPEN,1712261642000,13.9,56,5.2,12.2,0,0.0,984.9
4,maribor,STROSSMAYERJEVA UL. - TRŽNICA,Strossmayerjeva ulica 3,"{'lat': 46.558498, 'lng': 15.64146}",False,False,20,15,5,OPEN,1712265273000,12.7,61,5.4,10.7,0,0.0,985.4
4,maribor,STROSSMAYERJEVA UL. - TRŽNICA,Strossmayerjeva ulica 3,"{'lat': 46.558498, 'lng': 15.64146}",False,False,20,15,5,OPEN,1712268911000,13.1,48,2.3,9.2,0,0.0,982.4
4,maribor,STROSSMAYERJEVA UL. - TRŽNICA,Strossmayerjeva ulica 3,"{'lat': 46.558498, 'lng': 15.64146}",False,False,20,15,5,OPEN,1712272542000,13.1,48,2.3,9.2,0,0.0,982.4
4,maribor,STROSSMAYERJEVA UL. - TRŽNICA,Strossmayerjeva ulica 3,"{'lat': 46.558498, 'lng': 15.64146}",False,False,20,10,10,OPEN,1712279200000,10.6,74,6.2,9.4,0,0.0,987.1
4,maribor,STROSSMAYERJEVA UL. - TRŽNICA,Strossmayerjeva ulica 3,"{'lat': 46.558498, 'lng': 15.64146}",False,False,20,10,10,OPEN,1712283662000,10.2,73,5.6,8.8,0,0.0,987.5
4,maribor,STROSSMAYERJEVA UL. - TRŽNICA,Strossmayerjeva ulica 3,"{'lat': 46.558498, 'lng': 15.64146}",False,False,20,10,10,OPEN,1712286687000,8.9,81,5.8,7.7,0,0.0,988.3
4,maribor,STROSSMAYERJEVA UL. - TRŽNICA,Strossmayerjeva ulica 3,"{'lat': 46.558498, 'lng': 15.64146}",False,False,20,11,9,OPEN,1712290926000,9.8,78,6.1,8.4,0,0.0,988.7
4,maribor,STROSSMAYERJEVA UL. - TRŽNICA,Strossmayerjeva ulica 3,"{'lat': 46.558498, 'lng': 15.64146}",False,False,20,8,12,OPEN,1712293961000,11.4,66,5.3,9.7,0,0.0,988.7
4,maribor,STROSSMAYERJEVA UL. - TRŽNICA,Strossmayerjeva ulica 3,"{'lat': 46.558498, 'lng': 15.64146}",False,False,20,9,11,OPEN,1712298084000,14.0,63,7.1,12.9,0,0.0,988.8
4,maribor,STROSSMAYERJEVA UL. - TRŽNICA,Strossmayerjeva ulica 3,"{'lat': 46.558498, 'lng': 15.64146}",False,False,20,2,18,OPEN,1712301264000,17.6,58,9.3,16.8,0,0.0,989.0
4,maribor,STROSSMAYERJEVA UL. - TRŽNICA,Strossmayerjeva ulica 3,"{'lat': 46.558498, 'lng': 15.64146}",False,False,20,2,18,OPEN,1712305725000,21.1,38,6.3,18.7,0,0.0,988.4
4,maribor,STROSSMAYERJEVA UL. - TRŽNICA,Strossmayerjeva ulica 3,"{'lat': 46.558498, 'lng': 15.64146}",False,False,20,2,18,OPEN,1712305725000,21.1,38,6.3,18.7,0,0.0,988.4
4,maribor,STROSSMAYERJEVA UL. - TRŽNICA,Strossmayerjeva ulica 3,"{'lat': 46.558498, 'lng': 15.64146}",False,False,20,8,12,OPEN,1712308566000,21.1,38,6.3,18.7,0,0.0,988.4
4,maribor,STROSSMAYERJEVA UL. - TRŽNICA,Strossmayerjeva ulica 3,"{'lat': 46.558498, 'lng': 15.64146}",False,False,20,3,17,OPEN,1712312215000,22.2,41,8.3,20.6,0,0.0,987.9
4,maribor,STROSSMAYERJEVA UL. - TRŽNICA,Strossmayerjeva ulica 3,"{'lat': 46.558498, 'lng': 15.64146}",False,False,20,6,14,OPEN,1712315266000,23.4,36,7.4,21.5,0,0.0,986.8
4,maribor,STROSSMAYERJEVA UL. - TRŽNICA,Strossmayerjeva ulica 3,"{'lat': 46.558498, 'lng': 15.64146}",False,False,20,20,0,OPEN,1712320143000,22.9,38,7.8,20.1,0,0.0,985.8
4,maribor,STROSSMAYERJEVA UL. - TRŽNICA,Strossmayerjeva ulica 3,"{'lat': 46.558498, 'lng': 15.64146}",False,False,20,16,4,OPEN,1712323032000,22.9,38,7.8,20.1,0,0.0,985.8
4,maribor,STROSSMAYERJEVA UL. - TRŽNICA,Strossmayerjeva ulica 3,"{'lat': 46.558498, 'lng': 15.64146}",False,False,20,19,1,OPEN,1712326524000,22.0,41,8.2,20.2,0,0.0,985.9
4,maribor,STROSSMAYERJEVA UL. - TRŽNICA,Strossmayerjeva ulica 3,"{'lat': 46.558498, 'lng': 15.64146}",False,False,20,19,1,OPEN,1712330017000,20.5,48,9.2,20.1,0,0.0,985.8
4,maribor,STROSSMAYERJEVA UL. - TRŽNICA,Strossmayerjeva ulica 3,"{'lat': 46.558498, 'lng': 15.64146}",False,False,20,11,9,OPEN,1712334111000,17.5,63,10.3,17.3,0,0.0,985.9
4,maribor,STROSSMAYERJEVA UL. - TRŽNICA,Strossmayerjeva ulica 3,"{'lat': 46.558498, 'lng': 15.64146}",False,False,20,11,9,OPEN,1712337365000,15.4,65,8.9,14.9,0,0.0,986.3
4,maribor,STROSSMAYERJEVA UL. - TRŽNICA,Strossmayerjeva ulica 3,"{'lat': 46.558498, 'lng': 15.64146}",False,False,20,8,12,OPEN,1712340797000,14.1,69,8.5,13.1,0,0.0,986.9
4,maribor,STROSSMAYERJEVA UL. - TRŽNICA,Strossmayerjeva ulica 3,"{'lat': 46.558498, 'lng': 15.64146}",False,False,20,5,15,OPEN,1712344435000,13.7,72,8.7,12.9,0,0.0,987.0
4,maribor,STROSSMAYERJEVA UL. - TRŽNICA,Strossmayerjeva ulica 3,"{'lat': 46.558498, 'lng': 15.64146}",False,False,20,3,17,OPEN,1712348076000,13.4,74,8.8,12.3,0,0.0,986.8
4,maribor,STROSSMAYERJEVA UL. - TRŽNICA,Strossmayerjeva ulica 3,"{'lat': 46.558498, 'lng': 15.64146}",False,False,20,9,11,OPEN,1712351323000,12.6,77,8.7,11.7,0,0.0,986.7
4,maribor,STROSSMAYERJEVA UL. - TRŽNICA,Strossmayerjeva ulica 3,"{'lat': 46.558498, 'lng': 15.64146}",False,False,20,8,12,OPEN,1712355349000,10.0,74,5.6,8.2,0,0.0,985.7
4,maribor,STROSSMAYERJEVA UL. - TRŽNICA,Strossmayerjeva ulica 3,"{'lat': 46.558498, 'lng': 15.64146}",False,False,20,10,10,OPEN,1712358984000,10.0,74,5.6,8.2,0,0.0,985.7
4,maribor,STROSSMAYERJEVA UL. - TRŽNICA,Strossmayerjeva ulica 3,"{'lat': 46.558498, 'lng': 15.64146}",False,False,20,11,9,OPEN,1712365645000,9.9,94,9.0,8.8,0,0.0,987.2
4,maribor,STROSSMAYERJEVA UL. - TRŽNICA,Strossmayerjeva ulica 3,"{'lat': 46.558498, 'lng': 15.64146}",False,False,20,11,9,OPEN,1712370062000,9.9,87,7.8,8.7,0,0.0,987.3
4,maribor,STROSSMAYERJEVA UL. - TRŽNICA,Strossmayerjeva ulica 3,"{'lat': 46.558498, 'lng': 15.64146}",False,False,20,11,9,OPEN,1712373088000,10.1,85,7.7,9.0,0,0.0,987.4
4,maribor,STROSSMAYERJEVA UL. - TRŽNICA,Strossmayerjeva ulica 3,"{'lat': 46.558498, 'lng': 15.64146}",False,False,20,11,9,OPEN,1712376719000,10.7,84,8.1,9.6,0,0.0,988.1
4,maribor,STROSSMAYERJEVA UL. - TRŽNICA,Strossmayerjeva ulica 3,"{'lat': 46.558498, 'lng': 15.64146}",False,False,20,12,8,OPEN,1712380354000,13.2,72,8.3,12.1,0,0.0,988.3
4,maribor,STROSSMAYERJEVA UL. - TRŽNICA,Strossmayerjeva ulica 3,"{'lat': 46.558498, 'lng': 15.64146}",False,False,20,14,6,OPEN,1712383990000,15.9,64,9.1,14.9,0,0.0,988.4
4,maribor,STROSSMAYERJEVA UL. - TRŽNICA,Strossmayerjeva ulica 3,"{'lat': 46.558498, 'lng': 15.64146}",False,False,20,11,9,OPEN,1712387624000,19.5,56,10.4,18.7,0,0.0,988.4
4,maribor,STROSSMAYERJEVA UL. - TRŽNICA,Strossmayerjeva ulica 3,"{'lat': 46.558498, 'lng': 15.64146}",False,False,20,9,11,OPEN,1712391524000,21.9,49,10.7,21.5,0,0.0,988.3
4,maribor,STROSSMAYERJEVA UL. - TRŽNICA,Strossmayerjeva ulica 3,"{'lat': 46.558498, 'lng': 15.64146}",False,False,20,7,13,OPEN,1712394894000,23.7,46,11.4,24.0,0,0.0,987.9
4,maribor,STROSSMAYERJEVA UL. - TRŽNICA,Strossmayerjeva ulica 3,"{'lat': 46.558498, 'lng': 15.64146}",False,False,20,7,13,OPEN,1712398527000,25.0,41,10.8,24.7,0,0.0,987.7
4,maribor,STROSSMAYERJEVA UL. - TRŽNICA,Strossmayerjeva ulica 3,"{'lat': 46.558498, 'lng': 15.64146}",False,False,20,7,13,OPEN,1712401735000,26.0,34,8.9,24.7,0,0.0,987.0
4,maribor,STROSSMAYERJEVA UL. - TRŽNICA,Strossmayerjeva ulica 3,"{'lat': 46.558498, 'lng': 15.64146}",False,False,20,7,13,OPEN,1712406401000,26.5,32,8.5,24.7,0,0.0,986.3
4,maribor,STROSSMAYERJEVA UL. - TRŽNICA,Strossmayerjeva ulica 3,"{'lat': 46.558498, 'lng': 15.64146}",False,False,20,8,12,OPEN,1712409434000,26.8,33,9.1,25.6,0,0.0,985.9
4,maribor,STROSSMAYERJEVA UL. - TRŽNICA,Strossmayerjeva ulica 3,"{'lat': 46.558498, 'lng': 15.64146}",False,False,20,8,12,OPEN,1712412812000,26.0,34,9.0,24.9,0,0.0,985.8
4,maribor,STROSSMAYERJEVA UL. - TRŽNICA,Strossmayerjeva ulica 3,"{'lat': 46.558498, 'lng': 15.64146}",False,False,20,6,14,OPEN,1712416094000,24.4,47,12.4,24.9,0,0.0,986.1
4,maribor,STROSSMAYERJEVA UL. - TRŽNICA,Strossmayerjeva ulica 3,"{'lat': 46.558498, 'lng': 15.64146}",False,False,20,7,13,OPEN,1712420337000,20.5,63,13.2,21.3,0,0.0,986.5
4,maribor,STROSSMAYERJEVA UL. - TRŽNICA,Strossmayerjeva ulica 3,"{'lat': 46.558498, 'lng': 15.64146}",False,False,20,4,16,OPEN,1712423571000,18.5,63,11.3,18.6,0,0.0,986.7
4,maribor,STROSSMAYERJEVA UL. - TRŽNICA,Strossmayerjeva ulica 3,"{'lat': 46.558498, 'lng': 15.64146}",False,False,20,6,14,OPEN,1712427228000,17.3,61,9.7,17.1,0,0.0,987.1
4,maribor,STROSSMAYERJEVA UL. - TRŽNICA,Strossmayerjeva ulica 3,"{'lat': 46.558498, 'lng': 15.64146}",False,False,20,7,13,OPEN,1712430654000,16.8,59,8.7,16.3,0,0.0,987.5
4,maribor,STROSSMAYERJEVA UL. - TRŽNICA,Strossmayerjeva ulica 3,"{'lat': 46.558498, 'lng': 15.64146}",False,False,20,9,11,OPEN,1712434393000,14.8,78,11.0,14.8,0,0.0,987.2
4,maribor,STROSSMAYERJEVA UL. - TRŽNICA,Strossmayerjeva ulica 3,"{'lat': 46.558498, 'lng': 15.64146}",False,False,20,13,7,OPEN,1712437926000,14.9,73,10.1,14.6,0,0.0,987.2
4,maribor,STROSSMAYERJEVA UL. - TRŽNICA,Strossmayerjeva ulica 3,"{'lat': 46.558498, 'lng': 15.64146}",False,False,20,10,10,OPEN,1712441559000,10.9,89,9.2,10.5,0,0.0,986.5
4,maribor,STROSSMAYERJEVA UL. - TRŽNICA,Strossmayerjeva ulica 3,"{'lat': 46.558498, 'lng': 15.64146}",False,False,20,16,4,OPEN,1712445198000,10.9,89,9.2,10.5,0,0.0,986.5
4,maribor,STROSSMAYERJEVA UL. - TRŽNICA,Strossmayerjeva ulica 3,"{'lat': 46.558498, 'lng': 15.64146}",False,False,20,17,3,OPEN,1712452462000,13.1,73,8.3,12.3,0,0.0,987.4
4,maribor,STROSSMAYERJEVA UL. - TRŽNICA,Strossmayerjeva ulica 3,"{'lat': 46.558498, 'lng': 15.64146}",False,False,20,17,3,OPEN,1712456461000,12.2,81,9.1,11.8,0,0.0,987.2
4,maribor,STROSSMAYERJEVA UL. - TRŽNICA,Strossmayerjeva ulica 3,"{'lat': 46.558498, 'lng': 15.64146}",False,False,20,16,4,OPEN,1712459489000,10.6,94,9.7,10.2,0,0.0,987.5
4,maribor,STROSSMAYERJEVA UL. - TRŽNICA,Strossmayerjeva ulica 3,"{'lat': 46.558498, 'lng': 15.64146}",False,False,20,16,4,OPEN,1712463122000,12.7,82,9.7,12.4,0,0.0,987.8
