number,contract_name,name,address,position,banking,bonus,bike_stands,available_bike_stands,available_bikes,status,last_update,temperature,relative_humidity,dew_point,apparent_temperature,precipitation_probability,rain,surface_pressure
16,maribor,KOROŠKA C. - KOROŠKI VETER,Koroška cesta 74,"{'lat': 46.559319, 'lng': 15.63498}",False,False,20,9,11,OPEN,1711224644000,6.1,78,2.6,3.0,100,3.3,979.0
16,maribor,KOROŠKA C. - KOROŠKI VETER,Koroška cesta 74,"{'lat': 46.559319, 'lng': 15.63498}",False,False,20,9,11,OPEN,1711228272000,5.9,78,2.4,3.7,100,0.0,978.2
16,maribor,KOROŠKA C. - KOROŠKI VETER,Koroška cesta 74,"{'lat': 46.559319, 'lng': 15.63498}",False,False,20,9,11,OPEN,1711231902000,5.7,80,2.5,2.7,100,0.0,979.0
16,maribor,KOROŠKA C. - KOROŠKI VETER,Koroška cesta 74,"{'lat': 46.559319, 'lng': 15.63498}",False,False,20,10,10,OPEN,1711242792000,4.6,87,2.6,2.3,93,0.0,978.0
16,maribor,KOROŠKA C. - KOROŠKI VETER,Koroška cesta 74,"{'lat': 46.559319, 'lng': 15.63498}",False,False,20,8,12,OPEN,1711247030000,3.8,89,2.1,1.6,90,0.0,977.7
16,maribor,KOROŠKA C. - KOROŠKI VETER,Koroška cesta 74,"{'lat': 46.559319, 'lng': 15.63498}",False,False,20,8,12,OPEN,1711249921000,3.8,92,2.7,2.1,77,0.0,977.8
16,maribor,KOROŠKA C. - KOROŠKI VETER,Koroška cesta 74,"{'lat': 46.559319, 'lng': 15.63498}",False,False,20,8,12,OPEN,1711253552000,4.9,75,0.9,2.5,65,0.0,976.6
16,maribor,KOROŠKA C. - KOROŠKI VETER,Koroška cesta 74,"{'lat': 46.559319, 'lng': 15.63498}",False,False,20,8,12,OPEN,1711257183000,4.8,77,1.1,2.3,52,0.0,977.8
16,maribor,KOROŠKA C. - KOROŠKI VETER,Koroška cesta 74,"{'lat': 46.559319, 'lng': 15.63498}",False,False,20,8,12,OPEN,1711260813000,5.8,74,1.6,3.0,26,0.0,977.6
16,maribor,KOROŠKA C. - KOROŠKI VETER,Koroška cesta 74,"{'lat': 46.559319, 'lng': 15.63498}",False,False,20,8,12,OPEN,1711263838000,8.1,62,1.3,5.1,13,0.0,977.4
16,maribor,KOROŠKA C. - KOROŠKI VETER,Koroška cesta 74,"{'lat': 46.559319, 'lng': 15.63498}",False,False,20,8,12,OPEN,1711268072000,9.6,59,2.0,6.6,0,0.0,977.4
16,maribor,KOROŠKA C. - KOROŠKI VETER,Koroška cesta 74,"{'lat': 46.559319, 'lng': 15.63498}",False,False,20,11,9,OPEN,1711271711000,10.9,52,1.4,8.1,0,0.0,976.5
16,maribor,KOROŠKA C. - KOROŠKI VETER,Koroška cesta 74,"{'lat': 46.559319, 'lng': 15.63498}",False,False,20,12,8,OPEN,1711275350000,11.6,44,-0.2,8.4,0,0.0,975.7
16,maribor,KOROŠKA C. - KOROŠKI VETER,Koroška cesta 74,"{'lat': 46.559319, 'lng': 15.63498}",False,False,20,13,7,OPEN,1711278594000,12.4,36,-2.3,9.6,0,0.0,975.0
16,maribor,KOROŠKA C. - KOROŠKI VETER,Koroška cesta 74,"{'lat': 46.559319, 'lng': 15.63498}",False,False,20,14,6,OPEN,1711283222000,13.2,36,-1.6,9.3,15,0.0,973.6
16,maribor,KOROŠKA C. - KOROŠKI VETER,Koroška cesta 74,"{'lat': 46.559319, 'lng': 15.63498}",False,False,20,15,5,OPEN,1711286252000,13.2,36,-1.6,9.3,15,0.0,973.6
16,maribor,KOROŠKA C. - KOROŠKI VETER,Koroška cesta 74,"{'lat': 46.559319, 'lng': 15.63498}",False,False,20,13,7,OPEN,1711289281000,11.9,42,-0.6,7.5,3,0.0,973.7
16,maribor,KOROŠKA C. - KOROŠKI VETER,Koroška cesta 74,"{'lat': 46.559319, 'lng': 15.63498}",False,False,20,13,7,OPEN,1711292916000,8.6,73,4.1,5.4,11,0.0,974.3
16,maribor,KOROŠKA C. - KOROŠKI VETER,Koroška cesta 74,"{'lat': 46.559319, 'lng': 15.63498}",False,False,20,19,1,OPEN,1711297164000,7.9,77,4.1,6.3,18,0.0,974.6
16,maribor,KOROŠKA C. - KOROŠKI VETER,Koroška cesta 74,"{'lat': 46.559319, 'lng': 15.63498}",False,False,20,15,5,OPEN,1711300192000,5.3,77,1.6,3.1,26,0.0,975.5
16,maribor,KOROŠKA C. - KOROŠKI VETER,Koroška cesta 74,"{'lat': 46.559319, 'lng': 15.63498}",False,False,20,5,15,OPEN,1711304435000,4.6,84,2.1,2.8,25,0.0,975.7
16,maribor,KOROŠKA C. - KOROŠKI VETER,Koroška cesta 74,"{'lat': 46.559319, 'lng': 15.63498}",False,False,20,4,16,OPEN,1711307465000,3.3,87,1.4,1.2,24,0.0,976.0
16,maribor,KOROŠKA C. - KOROŠKI VETER,Koroška cesta 74,"{'lat': 46.559319, 'lng': 15.63498}",False,False,20,3,17,OPEN,1711311289000,3.5,86,1.4,1.5,6,0.0,975.9
16,maribor,KOROŠKA C. - KOROŠKI VETER,Koroška cesta 74,"{'lat': 46.559319, 'lng': 15.63498}",False,False,20,2,18,OPEN,1711314736000,3.2,87,1.2,1.0,6,0.0,975.5
16,maribor,KOROŠKA C. - KOROŠKI VETER,Koroška cesta 74,"{'lat': 46.559319, 'lng': 15.63498}",False,False,20,1,19,OPEN,1711318366000,2.7,88,0.9,0.4,6,0.0,975.6
16,maribor,KOROŠKA C. - KOROŠKI VETER,Koroška cesta 74,"{'lat': 46.559319, 'lng': 15.63498}",False,False,20,1,19,OPEN,1711321998000,3.8,87,1.8,0.1,100,0.0,978.9
16,maribor,KOROŠKA C. - KOROŠKI VETER,Koroška cesta 74,"{'lat': 46.559319, 'lng': 15.63498}",False,False,20,0,20,OPEN,1711329259000,2.1,82,-0.7,-0.5,25,0.0,975.7
16,maribor,KOROŠKA C. - KOROŠKI VETER,Koroška cesta 74,"{'lat': 46.559319, 'lng': 15.63498}",False,False,20,0,20,OPEN,1711333494000,3.3,71,-1.4,0.0,3,0.0,976.0
16,maribor,KOROŠKA C. - KOROŠKI VETER,Koroška cesta 74,"{'lat': 46.559319, 'lng': 15.63498}",False,False,20,0,20,OPEN,1711336288000,3.3,67,-2.2,-0.1,2,0.0,976.0
16,maribor,KOROŠKA C. - KOROŠKI VETER,Koroška cesta 74,"{'lat': 46.559319, 'lng': 15.63498}",False,False,20,0,20,OPEN,1711339918000,3.2,67,-2.4,-0.3,1,0.0,976.8
16,maribor,KOROŠKA C. - KOROŠKI VETER,Koroška cesta 74,"{'lat': 46.559319, 'lng': 15.63498}",False,False,20,2,18,OPEN,1711343552000,4.2,65,-1.8,0.6,0,0.0,977.1
16,maribor,KOROŠKA C. - KOROŠKI VETER,Koroška cesta 74,"{'lat': 46.559319, 'lng': 15.63498}",False,False,20,4,16,OPEN,1711347801000,6.7,56,-1.5,2.6,0,0.0,977.2
16,maribor,KOROŠKA C. - KOROŠKI VETER,Koroška cesta 74,"{'lat': 46.559319, 'lng': 15.63498}",False,False,20,3,17,OPEN,1711350844000,8.8,51,-0.8,4.4,0,0.0,977.4
16,maribor,KOROŠKA C. - KOROŠKI VETER,Koroška cesta 74,"{'lat': 46.559319, 'lng': 15.63498}",False,False,20,7,13,OPEN,1711354600000,10.8,42,-1.7,6.1,0,0.0,977.0
16,maribor,KOROŠKA C. - KOROŠKI VETER,Koroška cesta 74,"{'lat': 46.559319, 'lng': 15.63498}",False,False,20,1,19,OPEN,1711358241000,11.9,34,-3.5,7.7,0,0.0,977.0
16,maribor,KOROŠKA C. - KOROŠKI VETER,Koroška cesta 74,"{'lat': 46.559319, 'lng': 15.63498}",False,False,20,4,16,OPEN,1711361775000,12.4,32,-3.8,9.1,0,0.0,976.7
16,maribor,KOROŠKA C. - KOROŠKI VETER,Koroška cesta 74,"{'lat': 46.559319, 'lng': 15.63498}",False,False,20,6,14,OPEN,1711365210000,13.1,29,-4.5,9.7,0,0.0,976.5
16,maribor,KOROŠKA C. - KOROŠKI VETER,Koroška cesta 74,"{'lat': 46.559319, 'lng': 15.63498}",False,False,20,0,20,OPEN,1711369670000,13.9,25,-5.8,10.6,0,0.0,974.8
16,maribor,KOROŠKA C. - KOROŠKI VETER,Koroška cesta 74,"{'lat': 46.559319, 'lng': 15.63498}",False,False,20,6,14,OPEN,1711372700000,13.9,25,-5.8,10.6,0,0.0,974.8
16,maribor,KOROŠKA C. - KOROŠKI VETER,Koroška cesta 74,"{'lat': 46.559319, 'lng': 15.63498}",False,False,20,18,2,OPEN,1711376109000,13.8,30,-3.5,10.4,0,0.0,974.5
16,maribor,KOROŠKA C. - KOROŠKI VETER,Koroška cesta 74,"{'lat': 46.559319, 'lng': 15.63498}",False,False,20,20,0,OPEN,1711379882000,13.4,32,-3.0,10.0,0,0.0,974.3
16,maribor,KOROŠKA C. - KOROŠKI VETER,Koroška cesta 74,"{'lat': 46.559319, 'lng': 15.63498}",False,False,20,17,3,OPEN,1711383649000,11.9,43,-0.3,8.8,0,0.0,974.4
16,maribor,KOROŠKA C. - KOROŠKI VETER,Koroška cesta 74,"{'lat': 46.559319, 'lng': 15.63498}",False,False,20,9,11,OPEN,1711386964000,9.6,51,-0.0,7.0,0,0.0,974.4
16,maribor,KOROŠKA C. - KOROŠKI VETER,Koroška cesta 74,"{'lat': 46.559319, 'lng': 15.63498}",False,False,20,6,14,OPEN,1711390877000,7.6,60,0.3,5.2,0,0.0,974.7
16,maribor,KOROŠKA C. - KOROŠKI VETER,Koroška cesta 74,"{'lat': 46.559319, 'lng': 15.63498}",False,False,20,2,18,OPEN,1711393994000,6.7,65,0.5,4.1,0,0.0,974.9
16,maribor,KOROŠKA C. - KOROŠKI VETER,Koroška cesta 74,"{'lat': 46.559319, 'lng': 15.63498}",False,False,20,0,20,OPEN,1711397629000,7.1,51,-2.4,4.1,0,0.0,974.7
16,maribor,KOROŠKA C. - KOROŠKI VETER,Koroška cesta 74,"{'lat': 46.559319, 'lng': 15.63498}",False,False,20,3,17,OPEN,1711401268000,6.3,58,-1.4,3.7,0,0.0,974.7
16,maribor,KOROŠKA C. - KOROŠKI VETER,Koroška cesta 74,"{'lat': 46.559319, 'lng': 15.63498}",False,False,20,3,17,OPEN,1711404902000,5.1,65,-1.0,2.2,0,0.0,974.7
16,maribor,KOROŠKA C. - KOROŠKI VETER,Koroška cesta 74,"{'lat': 46.559319, 'lng': 15.63498}",False,False,20,3,17,OPEN,1711408535000,2.2,90,0.8,-0.2,68,0.0,975.6
16,maribor,KOROŠKA C. - KOROŠKI VETER,Koroška cesta 74,"{'lat': 46.559319, 'lng': 15.63498}",False,False,20,2,18,OPEN,1711415194000,4.5,56,-3.5,1.6,0,0.0,974.1
16,maribor,KOROŠKA C. - KOROŠKI VETER,Koroška cesta 74,"{'lat': 46.559319, 'lng': 15.63498}",False,False,20,2,18,OPEN,1711419428000,2.8,67,-2.7,0.0,0,0.0,973.3
16,maribor,KOROŠKA C. - KOROŠKI VETER,Koroška cesta 74,"{'lat': 46.559319, 'lng': 15.63498}",False,False,20,1,19,OPEN,1711422658000,3.0,68,-2.3,0.1,0,0.0,972.9
16,maribor,KOROŠKA C. - KOROŠKI VETER,Koroška cesta 74,"{'lat': 46.559319, 'lng': 15.63498}",False,False,20,2,18,OPEN,1711426291000,3.2,66,-2.6,0.1,0,0.0,972.5
16,maribor,KOROŠKA C. - KOROŠKI VETER,Koroška cesta 74,"{'lat': 46.559319, 'lng': 15.63498}",False,False,20,4,16,OPEN,1711429923000,3.9,64,-2.3,0.6,0,0.0,972.7
16,maribor,KOROŠKA C. - KOROŠKI VETER,Koroška cesta 74,"{'lat': 46.559319, 'lng': 15.63498}",False,False,20,15,5,OPEN,1711434087000,6.7,54,-2.0,2.9,0,0.0,972.7
16,maribor,KOROŠKA C. - KOROŠKI VETER,Koroška cesta 74,"{'lat': 46.559319, 'lng': 15.63498}",False,False,20,19,1,OPEN,1711437250000,10.2,42,-2.1,5.9,0,0.0,972.6
16,maribor,KOROŠKA C. - KOROŠKI VETER,Koroška cesta 74,"{'lat': 46.559319, 'lng': 15.63498}",False,False,20,12,8,OPEN,1711440862000,13.9,31,-3.0,9.5,0,0.0,971.9
16,maribor,KOROŠKA C. - KOROŠKI VETER,Koroška cesta 74,"{'lat': 46.559319, 'lng': 15.63498}",False,False,20,13,7,OPEN,1711444503000,14.6,33,-1.5,10.4,0,0.0,971.6
16,maribor,KOROŠKA C. - KOROŠKI VETER,Koroška cesta 74,"{'lat': 46.559319, 'lng': 15.63498}",False,False,20,12,8,OPEN,1711448245000,14.8,35,-0.6,10.8,0,0.0,971.0
16,maribor,KOROŠKA C. - KOROŠKI VETER,Koroška cesta 74,"{'lat': 46.559319, 'lng': 15.63498}",False,False,20,8,12,OPEN,1711451481000,15.2,35,-0.2,11.4,0,0.0,970.3
16,maribor,KOROŠKA C. - KOROŠKI VETER,Koroška cesta 74,"{'lat': 46.559319, 'lng': 15.63498}",False,False,20,0,20,OPEN,1711456251000,15.4,31,-1.7,10.5,2,0.0,969.2
16,maribor,KOROŠKA C. - KOROŠKI VETER,Koroška cesta 74,"{'lat': 46.559319, 'lng': 15.63498}",False,False,20,0,20,OPEN,1711459089000,15.4,31,-1.7,10.5,2,0.0,969.2
16,maribor,KOROŠKA C. - KOROŠKI VETER,Koroška cesta 74,"{'lat': 46.559319, 'lng': 15.63498}",False,False,20,0,20,OPEN,1711462113000,14.6,35,-0.7,10.0,3,0.0,969.2
16,maribor,KOROŠKA C. - KOROŠKI VETER,Koroška cesta 74,"{'lat': 46.559319, 'lng': 15.63498}",False,False,20,2,18,OPEN,1711465928000,13.4,41,0.5,9.1,3,0.0,969.3
16,maribor,KOROŠKA C. - KOROŠKI VETER,Koroška cesta 74,"{'lat': 46.559319, 'lng': 15.63498}",False,False,20,0,20,OPEN,1711470001000,12.5,40,-0.7,8.6,3,0.0,969.3
16,maribor,KOROŠKA C. - KOROŠKI VETER,Koroška cesta 74,"{'lat': 46.559319, 'lng': 15.63498}",False,False,20,5,15,OPEN,1711473078000,11.4,44,-0.5,7.7,3,0.0,969.2
16,maribor,KOROŠKA C. - KOROŠKI VETER,Koroška cesta 74,"{'lat': 46.559319, 'lng': 15.63498}",False,False,20,1,19,OPEN,1711477287000,10.9,46,-0.3,8.2,2,0.0,968.9
16,maribor,KOROŠKA C. - KOROŠKI VETER,Koroška cesta 74,"{'lat': 46.559319, 'lng': 15.63498}",False,False,20,0,20,OPEN,1711480317000,10.6,53,1.4,8.5,1,0.0,968.6
16,maribor,KOROŠKA C. - KOROŠKI VETER,Koroška cesta 74,"{'lat': 46.559319, 'lng': 15.63498}",False,False,20,12,8,OPEN,1711484293000,10.2,58,2.3,8.4,0,0.0,968.1
16,maribor,KOROŠKA C. - KOROŠKI VETER,Koroška cesta 74,"{'lat': 46.559319, 'lng': 15.63498}",False,False,20,5,15,OPEN,1711487618000,9.9,60,2.5,7.9,0,0.0,967.9
16,maribor,KOROŠKA C. - KOROŠKI VETER,Koroška cesta 74,"{'lat': 46.559319, 'lng': 15.63498}",False,False,20,1,19,OPEN,1711491252000,9.2,65,3.0,7.0,0,0.0,967.8
16,maribor,KOROŠKA C. - KOROŠKI VETER,Koroška cesta 74,"{'lat': 46.559319, 'lng': 15.63498}",False,False,20,1,19,OPEN,1711495004000,4.6,65,-1.4,1.8,0,0.0,975.1
16,maribor,KOROŠKA C. - KOROŠKI VETER,Koroška cesta 74,"{'lat': 46.559319, 'lng': 15.63498}",False,False,20,1,19,OPEN,1711501545000,9.1,61,1.9,6.8,0,0.0,966.7
16,maribor,KOROŠKA C. - KOROŠKI VETER,Koroška cesta 74,"{'lat': 46.559319, 'lng': 15.63498}",False,False,20,3,17,OPEN,1711505785000,9.6,59,2.0,7.4,0,0.0,966.4
16,maribor,KOROŠKA C. - KOROŠKI VETER,Koroška cesta 74,"{'lat': 46.559319, 'lng': 15.63498}",False,False,20,3,17,OPEN,1711509058000,9.1,60,1.7,6.4,0,0.0,965.9
16,maribor,KOROŠKA C. - KOROŠKI VETER,Koroška cesta 74,"{'lat': 46.559319, 'lng': 15.63498}",False,False,20,4,16,OPEN,1711512698000,8.8,62,1.9,6.1,0,0.0,965.8
16,maribor,KOROŠKA C. - KOROŠKI VETER,Koroška cesta 74,"{'lat': 46.559319, 'lng': 15.63498}",False,False,20,5,15,OPEN,1711516333000,8.8,61,1.7,6.4,0,0.0,965.6
16,maribor,KOROŠKA C. - KOROŠKI VETER,Koroška cesta 74,"{'lat': 46.559319, 'lng': 15.63498}",False,False,20,19,1,OPEN,1711520273000,9.9,58,2.1,7.6,0,0.0,965.3
16,maribor,KOROŠKA C. - KOROŠKI VETER,Koroška cesta 74,"{'lat': 46.559319, 'lng': 15.63498}",False,False,20,19,1,OPEN,1711523624000,12.9,57,4.6,10.9,0,0.0,965.2
16,maribor,KOROŠKA C. - KOROŠKI VETER,Koroška cesta 74,"{'lat': 46.559319, 'lng': 15.63498}",False,False,20,17,3,OPEN,1711527670000,12.9,56,4.4,10.1,0,0.0,965.3
16,maribor,KOROŠKA C. - KOROŠKI VETER,Koroška cesta 74,"{'lat': 46.559319, 'lng': 15.63498}",False,False,20,10,10,OPEN,1711530919000,14.7,54,5.5,11.6,0,0.0,964.7
16,maribor,KOROŠKA C. - KOROŠKI VETER,Koroška cesta 74,"{'lat': 46.559319, 'lng': 15.63498}",False,False,20,0,20,OPEN,1711534707000,16.5,54,7.1,13.5,0,0.0,964.1
16,maribor,KOROŠKA C. - KOROŠKI VETER,Koroška cesta 74,"{'lat': 46.559319, 'lng': 15.63498}",False,False,20,2,18,OPEN,1711537864000,17.4,51,7.2,14.1,0,0.0,963.2
16,maribor,KOROŠKA C. - KOROŠKI VETER,Koroška cesta 74,"{'lat': 46.559319, 'lng': 15.63498}",False,False,20,9,11,OPEN,1711542609000,18.7,49,7.8,16.0,47,0.0,961.5
16,maribor,KOROŠKA C. - KOROŠKI VETER,Koroška cesta 74,"{'lat': 46.559319, 'lng': 15.63498}",False,False,20,14,6,OPEN,1711545496000,18.7,49,7.8,16.0,47,0.0,961.5
16,maribor,KOROŠKA C. - KOROŠKI VETER,Koroška cesta 74,"{'lat': 46.559319, 'lng': 15.63498}",False,False,20,11,9,OPEN,1711548773000,16.8,62,9.5,14.6,71,0.1,961.5
16,maribor,KOROŠKA C. - KOROŠKI VETER,Koroška cesta 74,"{'lat': 46.559319, 'lng': 15.63498}",False,False,20,10,10,OPEN,1711552639000,16.6,64,9.8,15.0,81,0.0,961.1
16,maribor,KOROŠKA C. - KOROŠKI VETER,Koroška cesta 74,"{'lat': 46.559319, 'lng': 15.63498}",False,False,20,7,13,OPEN,1711556596000,15.1,76,10.9,14.7,90,0.4,960.4
16,maribor,KOROŠKA C. - KOROŠKI VETER,Koroška cesta 74,"{'lat': 46.559319, 'lng': 15.63498}",False,False,20,7,13,OPEN,1711559512000,14.2,85,11.8,13.9,100,3.4,960.1
16,maribor,KOROŠKA C. - KOROŠKI VETER,Koroška cesta 74,"{'lat': 46.559319, 'lng': 15.63498}",False,False,20,0,20,OPEN,1711563127000,13.4,92,12.2,13.2,99,0.8,960.0
16,maribor,KOROŠKA C. - KOROŠKI VETER,Koroška cesta 74,"{'lat': 46.559319, 'lng': 15.63498}",False,False,20,1,19,OPEN,1711566760000,13.0,96,12.4,13.0,98,2.5,959.3
16,maribor,KOROŠKA C. - KOROŠKI VETER,Koroška cesta 74,"{'lat': 46.559319, 'lng': 15.63498}",False,False,20,1,19,OPEN,1711570390000,12.9,76,8.7,11.0,97,0.0,959.6
16,maribor,KOROŠKA C. - KOROŠKI VETER,Koroška cesta 74,"{'lat': 46.559319, 'lng': 15.63498}",False,False,20,0,20,OPEN,1711574023000,11.9,71,6.8,9.7,100,0.0,959.9
16,maribor,KOROŠKA C. - KOROŠKI VETER,Koroška cesta 74,"{'lat': 46.559319, 'lng': 15.63498}",False,False,20,0,20,OPEN,1711577655000,11.2,70,6.0,9.1,100,0.0,960.9
16,maribor,KOROŠKA C. - KOROŠKI VETER,Koroška cesta 74,"{'lat': 46.559319, 'lng': 15.63498}",False,False,20,0,20,OPEN,1711581288000,9.9,57,1.7,7.6,0,0.0,967.4
16,maribor,KOROŠKA C. - KOROŠKI VETER,Koroška cesta 74,"{'lat': 46.559319, 'lng': 15.63498}",False,False,20,0,20,OPEN,1711587947000,11.0,48,0.4,6.1,4,0.0,961.7
16,maribor,KOROŠKA C. - KOROŠKI VETER,Koroška cesta 74,"{'lat': 46.559319, 'lng': 15.63498}",False,False,20,0,20,OPEN,1711592184000,10.5,49,0.2,7.0,0,0.0,962.3
16,maribor,KOROŠKA C. - KOROŠKI VETER,Koroška cesta 74,"{'lat': 46.559319, 'lng': 15.63498}",False,False,20,0,20,OPEN,1711595458000,10.1,54,1.2,5.1,0,0.0,962.7
16,maribor,KOROŠKA C. - KOROŠKI VETER,Koroška cesta 74,"{'lat': 46.559319, 'lng': 15.63498}",False,False,20,0,20,OPEN,1711599090000,10.1,54,1.3,6.3,0,0.0,963.4
16,maribor,KOROŠKA C. - KOROŠKI VETER,Koroška cesta 74,"{'lat': 46.559319, 'lng': 15.63498}",False,False,20,4,16,OPEN,1711603162000,10.4,56,1.9,5.6,0,0.0,964.3
16,maribor,KOROŠKA C. - KOROŠKI VETER,Koroška cesta 74,"{'lat': 46.559319, 'lng': 15.63498}",False,False,20,6,14,OPEN,1711606893000,11.8,50,1.7,8.0,1,0.0,965.2
16,maribor,KOROŠKA C. - KOROŠKI VETER,Koroška cesta 74,"{'lat': 46.559319, 'lng': 15.63498}",False,False,20,8,12,OPEN,1711610029000,13.4,46,2.0,9.4,0,0.0,965.9
16,maribor,KOROŠKA C. - KOROŠKI VETER,Koroška cesta 74,"{'lat': 46.559319, 'lng': 15.63498}",False,False,20,9,11,OPEN,1711613924000,14.6,43,2.1,10.7,0,0.0,966.7
16,maribor,KOROŠKA C. - KOROŠKI VETER,Koroška cesta 74,"{'lat': 46.559319, 'lng': 15.63498}",False,False,20,11,9,OPEN,1711617314000,15.9,39,1.9,12.3,0,0.0,967.4
16,maribor,KOROŠKA C. - KOROŠKI VETER,Koroška cesta 74,"{'lat': 46.559319, 'lng': 15.63498}",False,False,20,10,10,OPEN,1711621056000,16.6,39,2.6,13.1,0,0.0,967.8
16,maribor,KOROŠKA C. - KOROŠKI VETER,Koroška cesta 74,"{'lat': 46.559319, 'lng': 15.63498}",False,False,20,12,8,OPEN,1711624070000,15.1,47,3.9,11.6,0,0.0,968.7
16,maribor,KOROŠKA C. - KOROŠKI VETER,Koroška cesta 74,"{'lat': 46.559319, 'lng': 15.63498}",False,False,20,4,16,OPEN,1711629097000,13.6,60,5.9,10.3,60,0.1,968.6
16,maribor,KOROŠKA C. - KOROŠKI VETER,Koroška cesta 74,"{'lat': 46.559319, 'lng': 15.63498}",False,False,20,8,12,OPEN,1711631903000,13.6,60,5.9,10.3,60,0.1,968.6
16,maribor,KOROŠKA C. - KOROŠKI VETER,Koroška cesta 74,"{'lat': 46.559319, 'lng': 15.63498}",False,False,20,1,19,OPEN,1711635563000,12.1,66,6.0,9.9,90,0.1,968.2
16,maribor,KOROŠKA C. - KOROŠKI VETER,Koroška cesta 74,"{'lat': 46.559319, 'lng': 15.63498}",False,False,20,5,15,OPEN,1711638959000,11.6,74,7.2,9.6,82,0.3,967.9
16,maribor,KOROŠKA C. - KOROŠKI VETER,Koroška cesta 74,"{'lat': 46.559319, 'lng': 15.63498}",False,False,20,3,17,OPEN,1711642841000,10.9,82,7.9,8.6,73,0.2,967.6
16,maribor,KOROŠKA C. - KOROŠKI VETER,Koroška cesta 74,"{'lat': 46.559319, 'lng': 15.63498}",False,False,20,6,14,OPEN,1711645876000,9.9,90,8.3,8.2,65,0.4,968.3
16,maribor,KOROŠKA C. - KOROŠKI VETER,Koroška cesta 74,"{'lat': 46.559319, 'lng': 15.63498}",False,False,20,13,7,OPEN,1711650125000,9.7,91,8.3,8.6,63,0.1,968.9
16,maribor,KOROŠKA C. - KOROŠKI VETER,Koroška cesta 74,"{'lat': 46.559319, 'lng': 15.63498}",False,False,20,14,6,OPEN,1711653159000,9.9,89,8.1,8.7,60,0.0,970.4
16,maribor,KOROŠKA C. - KOROŠKI VETER,Koroška cesta 74,"{'lat': 46.559319, 'lng': 15.63498}",False,False,20,12,8,OPEN,1711656795000,9.8,83,7.0,7.5,77,0.0,973.8
16,maribor,KOROŠKA C. - KOROŠKI VETER,Koroška cesta 74,"{'lat': 46.559319, 'lng': 15.63498}",False,False,20,11,9,OPEN,1711660541000,8.4,69,3.0,5.3,77,0.0,976.0
16,maribor,KOROŠKA C. - KOROŠKI VETER,Koroška cesta 74,"{'lat': 46.559319, 'lng': 15.63498}",False,False,20,10,10,OPEN,1711664062000,7.8,73,3.3,6.0,77,0.0,976.2
16,maribor,KOROŠKA C. - KOROŠKI VETER,Koroška cesta 74,"{'lat': 46.559319, 'lng': 15.63498}",False,False,20,9,11,OPEN,1711667694000,10.9,71,5.9,9.6,13,0.0,960.1
16,maribor,KOROŠKA C. - KOROŠKI VETER,Koroška cesta 74,"{'lat': 46.559319, 'lng': 15.63498}",False,False,20,11,9,OPEN,1711674355000,5.7,92,4.5,4.1,1,0.0,977.8
16,maribor,KOROŠKA C. - KOROŠKI VETER,Koroška cesta 74,"{'lat': 46.559319, 'lng': 15.63498}",False,False,20,10,10,OPEN,1711678594000,5.2,93,4.2,3.4,0,0.0,978.5
16,maribor,KOROŠKA C. - KOROŠKI VETER,Koroška cesta 74,"{'lat': 46.559319, 'lng': 15.63498}",False,False,20,11,9,OPEN,1711682148000,5.0,90,3.5,3.0,0,0.0,978.5
16,maribor,KOROŠKA C. - KOROŠKI VETER,Koroška cesta 74,"{'lat': 46.559319, 'lng': 15.63498}",False,False,20,11,9,OPEN,1711685779000,5.1,89,3.4,3.3,0,0.0,978.7
16,maribor,KOROŠKA C. - KOROŠKI VETER,Koroška cesta 74,"{'lat': 46.559319, 'lng': 15.63498}",False,False,20,13,7,OPEN,1711689414000,5.3,89,3.6,3.5,0,0.0,979.1
16,maribor,KOROŠKA C. - KOROŠKI VETER,Koroška cesta 74,"{'lat': 46.559319, 'lng': 15.63498}",False,False,20,18,2,OPEN,1711693231000,7.2,84,4.7,5.7,0,0.0,979.1
16,maribor,KOROŠKA C. - KOROŠKI VETER,Koroška cesta 74,"{'lat': 46.559319, 'lng': 15.63498}",False,False,20,20,0,OPEN,1711696427000,11.6,76,7.5,9.4,0,0.0,978.8
16,maribor,KOROŠKA C. - KOROŠKI VETER,Koroška cesta 74,"{'lat': 46.559319, 'lng': 15.63498}",False,False,20,18,2,OPEN,1711700336000,15.1,66,8.8,13.0,0,0.0,978.9
16,maribor,KOROŠKA C. - KOROŠKI VETER,Koroška cesta 74,"{'lat': 46.559319, 'lng': 15.63498}",False,False,20,15,5,OPEN,1711703372000,18.5,48,7.2,15.7,1,0.0,978.7
16,maribor,KOROŠKA C. - KOROŠKI VETER,Koroška cesta 74,"{'lat': 46.559319, 'lng': 15.63498}",False,False,20,16,4,OPEN,1711707490000,18.8,48,7.6,16.3,2,0.0,978.6
16,maribor,KOROŠKA C. - KOROŠKI VETER,Koroška cesta 74,"{'lat': 46.559319, 'lng': 15.63498}",False,False,20,14,6,OPEN,1711710664000,18.6,53,8.8,16.1,3,0.0,978.5
16,maribor,KOROŠKA C. - KOROŠKI VETER,Koroška cesta 74,"{'lat': 46.559319, 'lng': 15.63498}",False,False,20,17,3,OPEN,1711715524000,19.0,52,8.9,17.0,1,0.0,978.3
16,maribor,KOROŠKA C. - KOROŠKI VETER,Koroška cesta 74,"{'lat': 46.559319, 'lng': 15.63498}",False,False,20,20,0,OPEN,1711718237000,19.0,52,8.9,17.0,5,0.0,978.3
16,maribor,KOROŠKA C. - KOROŠKI VETER,Koroška cesta 74,"{'lat': 46.559319, 'lng': 15.63498}",False,False,20,19,1,OPEN,1711721594000,17.6,58,9.3,15.8,0,0.0,978.4
16,maribor,KOROŠKA C. - KOROŠKI VETER,Koroška cesta 74,"{'lat': 46.559319, 'lng': 15.63498}",False,False,20,15,5,OPEN,1711725353000,17.3,59,9.2,15.5,0,0.0,978.1
16,maribor,KOROŠKA C. - KOROŠKI VETER,Koroška cesta 74,"{'lat': 46.559319, 'lng': 15.63498}",False,False,20,10,10,OPEN,1711729325000,16.2,66,9.8,13.8,0,0.0,977.2
16,maribor,KOROŠKA C. - KOROŠKI VETER,Koroška cesta 74,"{'lat': 46.559319, 'lng': 15.63498}",False,False,20,16,4,OPEN,1711732520000,16.0,60,8.3,14.0,0,0.0,977.3
16,maribor,KOROŠKA C. - KOROŠKI VETER,Koroška cesta 74,"{'lat': 46.559319, 'lng': 15.63498}",False,False,20,11,9,OPEN,1711736341000,16.5,55,7.4,14.3,0,0.0,977.5
16,maribor,KOROŠKA C. - KOROŠKI VETER,Koroška cesta 74,"{'lat': 46.559319, 'lng': 15.63498}",False,False,20,11,9,OPEN,1711739792000,16.4,54,7.1,14.0,0,0.0,978.1
16,maribor,KOROŠKA C. - KOROŠKI VETER,Koroška cesta 74,"{'lat': 46.559319, 'lng': 15.63498}",False,False,20,9,11,OPEN,1711743487000,16.6,51,6.5,14.3,0,0.0,979.0
16,maribor,KOROŠKA C. - KOROŠKI VETER,Koroška cesta 74,"{'lat': 46.559319, 'lng': 15.63498}",False,False,20,9,11,OPEN,1711746459000,14.8,63,7.8,13.5,0,0.0,979.1
16,maribor,KOROŠKA C. - KOROŠKI VETER,Koroška cesta 74,"{'lat': 46.559319, 'lng': 15.63498}",False,False,20,6,14,OPEN,1711750118000,14.5,63,7.5,13.2,0,0.0,979.2
16,maribor,KOROŠKA C. - KOROŠKI VETER,Koroška cesta 74,"{'lat': 46.559319, 'lng': 15.63498}",False,False,20,5,15,OPEN,1711753901000,6.3,86,4.1,4.5,3,0.0,977.5
16,maribor,KOROŠKA C. - KOROŠKI VETER,Koroška cesta 74,"{'lat': 46.559319, 'lng': 15.63498}",False,False,20,1,19,OPEN,1711760991000,11.6,75,7.3,10.2,0,0.0,978.5
16,maribor,KOROŠKA C. - KOROŠKI VETER,Koroška cesta 74,"{'lat': 46.559319, 'lng': 15.63498}",False,False,20,2,18,OPEN,1711764625000,11.4,75,7.1,10.0,0,0.0,978.9
16,maribor,KOROŠKA C. - KOROŠKI VETER,Koroška cesta 74,"{'lat': 46.559319, 'lng': 15.63498}",False,False,20,1,19,OPEN,1711768861000,11.3,75,7.0,9.9,0,0.0,978.7
16,maribor,KOROŠKA C. - KOROŠKI VETER,Koroška cesta 74,"{'lat': 46.559319, 'lng': 15.63498}",False,False,20,2,18,OPEN,1711772019000,11.4,74,6.9,9.9,0,0.0,978.7
16,maribor,KOROŠKA C. - KOROŠKI VETER,Koroška cesta 74,"{'lat': 46.559319, 'lng': 15.63498}",False,False,20,2,18,OPEN,1711775517000,10.6,81,7.5,9.5,0,0.0,978.3
16,maribor,KOROŠKA C. - KOROŠKI VETER,Koroška cesta 74,"{'lat': 46.559319, 'lng': 15.63498}",False,False,20,4,16,OPEN,1711779660000,12.6,73,7.9,11.6,0,0.0,978.4
16,maribor,KOROŠKA C. - KOROŠKI VETER,Koroška cesta 74,"{'lat': 46.559319, 'lng': 15.63498}",False,False,20,5,15,OPEN,1711782787000,14.9,67,8.9,14.2,0,0.0,978.6
16,maribor,KOROŠKA C. - KOROŠKI VETER,Koroška cesta 74,"{'lat': 46.559319, 'lng': 15.63498}",False,False,20,7,13,OPEN,1711786419000,18.4,58,10.0,18.3,0,0.0,978.2
16,maribor,KOROŠKA C. - KOROŠKI VETER,Koroška cesta 74,"{'lat': 46.559319, 'lng': 15.63498}",False,False,20,12,8,OPEN,1711790054000,21.4,35,5.3,19.0,0,0.0,977.8
16,maribor,KOROŠKA C. - KOROŠKI VETER,Koroška cesta 74,"{'lat': 46.559319, 'lng': 15.63498}",False,False,20,12,8,OPEN,1711793716000,21.4,40,7.2,19.4,0,0.0,977.5
16,maribor,KOROŠKA C. - KOROŠKI VETER,Koroška cesta 74,"{'lat': 46.559319, 'lng': 15.63498}",False,False,20,17,3,OPEN,1711801566000,22.5,35,6.3,19.7,0,0.0,976.1
16,maribor,KOROŠKA C. - KOROŠKI VETER,Koroška cesta 74,"{'lat': 46.559319, 'lng': 15.63498}",False,False,20,16,4,OPEN,1711804599000,22.5,37,7.0,20.0,0,0.0,975.2
16,maribor,KOROŠKA C. - KOROŠKI VETER,Koroška cesta 74,"{'lat': 46.559319, 'lng': 15.63498}",False,False,20,18,2,OPEN,1711807725000,22.0,39,7.5,19.9,0,0.0,975.1
16,maribor,KOROŠKA C. - KOROŠKI VETER,Koroška cesta 74,"{'lat': 46.559319, 'lng': 15.63498}",False,False,20,19,1,OPEN,1711811592000,21.5,40,7.4,19.7,0,0.0,974.4
16,maribor,KOROŠKA C. - KOROŠKI VETER,Koroška cesta 74,"{'lat': 46.559319, 'lng': 15.63498}",False,False,20,18,2,OPEN,1711815557000,20.2,35,4.3,18.1,0,0.0,974.3
16,maribor,KOROŠKA C. - KOROŠKI VETER,Koroška cesta 74,"{'lat': 46.559319, 'lng': 15.63498}",False,False,20,19,1,OPEN,1711818526000,18.0,43,5.2,15.6,0,0.0,974.8
16,maribor,KOROŠKA C. - KOROŠKI VETER,Koroška cesta 74,"{'lat': 46.559319, 'lng': 15.63498}",False,False,20,20,0,OPEN,1711822764000,17.0,42,4.0,14.8,0,0.0,975.2
16,maribor,KOROŠKA C. - KOROŠKI VETER,Koroška cesta 74,"{'lat': 46.559319, 'lng': 15.63498}",False,False,20,19,1,OPEN,1711825890000,14.7,62,7.5,13.5,0,0.0,975.3
16,maribor,KOROŠKA C. - KOROŠKI VETER,Koroška cesta 74,"{'lat': 46.559319, 'lng': 15.63498}",False,False,20,20,0,OPEN,1711829424000,13.7,62,6.5,12.2,0,0.0,974.9
16,maribor,KOROŠKA C. - KOROŠKI VETER,Koroška cesta 74,"{'lat': 46.559319, 'lng': 15.63498}",False,False,20,20,0,OPEN,1711833054000,12.9,64,6.3,11.5,0,0.0,975.1
16,maribor,KOROŠKA C. - KOROŠKI VETER,Koroška cesta 74,"{'lat': 46.559319, 'lng': 15.63498}",False,False,20,18,2,OPEN,1711836686000,11.9,69,6.4,10.3,0,0.0,974.8
16,maribor,KOROŠKA C. - KOROŠKI VETER,Koroška cesta 74,"{'lat': 46.559319, 'lng': 15.63498}",False,False,20,15,5,OPEN,1711840318000,14.4,57,5.9,12.8,0,0.0,979.3
16,maribor,KOROŠKA C. - KOROŠKI VETER,Koroška cesta 74,"{'lat': 46.559319, 'lng': 15.63498}",False,False,20,13,7,OPEN,1711847578000,11.6,67,5.6,9.5,0,0.0,974.3
16,maribor,KOROŠKA C. - KOROŠKI VETER,Koroška cesta 74,"{'lat': 46.559319, 'lng': 15.63498}",False,False,20,12,8,OPEN,1711851813000,11.3,69,5.8,9.1,0,0.0,974.2
16,maribor,KOROŠKA C. - KOROŠKI VETER,Koroška cesta 74,"{'lat': 46.559319, 'lng': 15.63498}",False,False,20,11,9,OPEN,1711854659000,11.6,68,5.8,9.0,0,0.0,974.1
16,maribor,KOROŠKA C. - KOROŠKI VETER,Koroška cesta 74,"{'lat': 46.559319, 'lng': 15.63498}",False,False,20,10,10,OPEN,1711858896000,12.1,67,6.2,9.7,0,0.0,974.2
16,maribor,KOROŠKA C. - KOROŠKI VETER,Koroška cesta 74,"{'lat': 46.559319, 'lng': 15.63498}",False,False,20,10,10,OPEN,1711861924000,13.6,62,6.5,11.7,0,0.0,974.4
16,maribor,KOROŠKA C. - KOROŠKI VETER,Koroška cesta 74,"{'lat': 46.559319, 'lng': 15.63498}",False,False,20,11,9,OPEN,1711865558000,16.6,54,7.3,14.5,0,0.0,974.3
16,maribor,KOROŠKA C. - KOROŠKI VETER,Koroška cesta 74,"{'lat': 46.559319, 'lng': 15.63498}",False,False,20,11,9,OPEN,1711869189000,20.5,41,6.8,18.2,0,0.0,974.5
16,maribor,KOROŠKA C. - KOROŠKI VETER,Koroška cesta 74,"{'lat': 46.559319, 'lng': 15.63498}",False,False,20,11,9,OPEN,1711872821000,21.2,38,6.4,20.0,0,0.0,974.3
16,maribor,KOROŠKA C. - KOROŠKI VETER,Koroška cesta 74,"{'lat': 46.559319, 'lng': 15.63498}",False,False,20,12,8,OPEN,1711876559000,21.5,38,6.5,18.6,0,0.0,974.5
16,maribor,KOROŠKA C. - KOROŠKI VETER,Koroška cesta 74,"{'lat': 46.559319, 'lng': 15.63498}",False,False,20,16,4,OPEN,1711880094000,21.2,39,6.7,19.0,0,0.0,974.1
16,maribor,KOROŠKA C. - KOROŠKI VETER,Koroška cesta 74,"{'lat': 46.559319, 'lng': 15.63498}",False,False,20,14,6,OPEN,1711883501000,21.2,40,7.1,18.3,6,0.0,974.3
16,maribor,KOROŠKA C. - KOROŠKI VETER,Koroška cesta 74,"{'lat': 46.559319, 'lng': 15.63498}",False,False,20,13,7,OPEN,1711888117000,19.0,45,6.8,15.6,19,0.0,973.3
16,maribor,KOROŠKA C. - KOROŠKI VETER,Koroška cesta 74,"{'lat': 46.559319, 'lng': 15.63498}",False,False,20,14,6,OPEN,1711891000000,19.0,45,6.8,15.6,19,0.0,973.3
16,maribor,KOROŠKA C. - KOROŠKI VETER,Koroška cesta 74,"{'lat': 46.559319, 'lng': 15.63498}",False,False,20,13,7,OPEN,1711894506000,18.7,54,9.2,16.9,0,0.0,974.1
16,maribor,KOROŠKA C. - KOROŠKI VETER,Koroška cesta 74,"{'lat': 46.559319, 'lng': 15.63498}",False,False,20,13,7,OPEN,1711897709000,17.6,57,9.0,15.1,0,0.0,973.9
16,maribor,KOROŠKA C. - KOROŠKI VETER,Koroška cesta 74,"{'lat': 46.559319, 'lng': 15.63498}",False,False,20,15,5,OPEN,1711901905000,16.5,62,9.1,13.9,0,0.0,974.1
16,maribor,KOROŠKA C. - KOROŠKI VETER,Koroška cesta 74,"{'lat': 46.559319, 'lng': 15.63498}",False,False,20,14,6,OPEN,1711904934000,15.8,63,8.8,14.7,0,0.0,974.7
16,maribor,KOROŠKA C. - KOROŠKI VETER,Koroška cesta 74,"{'lat': 46.559319, 'lng': 15.63498}",False,False,20,14,6,OPEN,1711909175000,13.8,77,9.8,13.4,0,0.0,974.9
16,maribor,KOROŠKA C. - KOROŠKI VETER,Koroška cesta 74,"{'lat': 46.559319, 'lng': 15.63498}",False,False,20,14,6,OPEN,1711912201000,14.8,72,9.8,13.5,0,0.0,974.9
16,maribor,KOROŠKA C. - KOROŠKI VETER,Koroška cesta 74,"{'lat': 46.559319, 'lng': 15.63498}",False,False,20,11,9,OPEN,1711915837000,13.6,80,10.2,12.4,0,0.0,974.8
16,maribor,KOROŠKA C. - KOROŠKI VETER,Koroška cesta 74,"{'lat': 46.559319, 'lng': 15.63498}",False,False,20,8,12,OPEN,1711919471000,13.1,84,10.4,11.9,0,0.0,974.3
16,maribor,KOROŠKA C. - KOROŠKI VETER,Koroška cesta 74,"{'lat': 46.559319, 'lng': 15.63498}",False,False,20,7,13,OPEN,1711923105000,12.2,75,7.9,10.6,0,0.0,974.2
16,maribor,KOROŠKA C. - KOROŠKI VETER,Koroška cesta 74,"{'lat': 46.559319, 'lng': 15.63498}",False,False,20,7,13,OPEN,1711926737000,12.2,75,7.9,10.6,0,0.0,974.2
16,maribor,KOROŠKA C. - KOROŠKI VETER,Koroška cesta 74,"{'lat': 46.559319, 'lng': 15.63498}",False,False,20,8,12,OPEN,1711934001000,13.6,79,10.0,11.5,0,0.0,972.0
16,maribor,KOROŠKA C. - KOROŠKI VETER,Koroška cesta 74,"{'lat': 46.559319, 'lng': 15.63498}",False,False,20,8,12,OPEN,1711938185000,13.9,76,9.7,11.5,0,0.0,972.0
16,maribor,KOROŠKA C. - KOROŠKI VETER,Koroška cesta 74,"{'lat': 46.559319, 'lng': 15.63498}",False,False,20,8,12,OPEN,1711941210000,13.9,76,9.7,11.5,0,0.0,972.0
16,maribor,KOROŠKA C. - KOROŠKI VETER,Koroška cesta 74,"{'lat': 46.559319, 'lng': 15.63498}",False,False,20,8,12,OPEN,1711944840000,15.1,70,9.7,13.7,0,0.0,972.7
16,maribor,KOROŠKA C. - KOROŠKI VETER,Koroška cesta 74,"{'lat': 46.559319, 'lng': 15.63498}",False,False,20,8,12,OPEN,1711948470000,17.3,56,8.4,14.8,0,0.0,972.0
16,maribor,KOROŠKA C. - KOROŠKI VETER,Koroška cesta 74,"{'lat': 46.559319, 'lng': 15.63498}",False,False,20,9,11,OPEN,1711952105000,19.6,47,8.0,17.5,0,0.0,971.9
